status_id,status_message,link_name,status_type,status_link,status_published,num_reactions,num_comments,num_shares,num_likes,num_loves,num_wows,num_hahas,num_sads,num_angrys;
"133205716542_10154562684261543,""Fotografije koje trebate vidjeti, ";
"ma koliko potresne bile :'("",PATNJE ALEPA Siloviti napadi snaga sirijskog režima i njihovih ruskih saveznika pogaðaju Alep drugi dan zaredom,link,http://www.jutarnji.hr/vijesti/svijet/fotogalerija-patnje-alepa-siloviti-napadi-snaga-sirijskog-rezima-i-njihovih-ruskih-saveznika-pogadaju-alep-drugi-dan-zaredom/4723019/,2016-09-23 21:57:00,2,0,2,0,0,0,0,2,0";
"133205716542_10154562674186543,Djevojka je prelazila cestu...,""VOJKO OBERSNEL AUTOM NALETIO NA PJEŠAKINJU! Nakon što je lokalni portal objavio vijest, i rijeèki gradonaèelnik se oglasio priopæenjem..."",link,http://www.jutarnji.hr/vijesti/crna-kronika/vojko-obersnel-autom-naletio-na-pjesakinju-nakon-sto-je-lokalni-portal-objavio-vijest-i-rijecki-gradonacelnik-se-oglasio-priopcenjem.../4723592/,2016-09-23 20:51:00,5,0,0,5,0,0,0,0,0";
133205716542_10154562664986543,Tko bi rekao :O,MILE DLAKAVE ŽIVOTINJE ZAPRAVO SU DOSTA OPASNE Novi istraživanje pokazalo je da ljubljenje i èeškanje maèke može biti fatalno po zdravlje,link,http://www.jutarnji.hr/life/zdravlje/mile-dlakave-zivotinje-zapravo-su-dosta-opasne-novi-istrazivanje-pokazalo-je-da-ljubljenje-i-ceskanje-macke-moze-biti-fatalno-po-zdravlje/4718558/,2016-09-23 19:48:00,11,1,4,9,0,0,2,0,0;
"133205716542_10154562663761543,Neviðeni jadi.,""FOTO: MIRKO FILIPOVIÆ PROŽIVLJAVA PRAVU DRAMU U JAPANU Nitko ne može spavati, a pegla se i šnaps: 'Za vruæi burek bi dao bubreg'"",link,http://sportske.jutarnji.hr/fightclub/foto-mirko-filipovic-prozivljava-pravu-dramu-u-japanu-nitko-ne-moze-spavati-a-pegla-se-i-snaps-za-vruci-burek-bi-dao-bubreg/4723604/,2016-09-23 18:47:00,16,8,0,16,0,0,0,0,0";
133205716542_10154562662471543,Tko je ubojica?,JE LI NAPOKON RIJEŠENO UBOJSTVO MALE JONBENET? Nakon 20 godina neki smatraju da je raskrinkan misterij koji je zbunjivao SAD!,link,http://www.jutarnji.hr/vijesti/svijet/je-li-napokon-rijeseno-ubojstvo-male-jonbenet-nakon-20-godina-neki-smatraju-da-je-raskrinkan-misterij-koji-je-zbunjivao-sad/4723448/,2016-09-23 17:12:00,6,0,1,6,0,0,0,0,0;
"133205716542_10154562659566543,Prolaznici su bili zgroženi prizorom!,""STRAŠNA PROMETNA NESREÆA U ZAGREBU Dva auta potpuno uništena, jedan osoba ozlijeðena, došlo je i do tuènjave!"",link,http://www.jutarnji.hr/vijesti/crna-kronika/strasna-prometna-nesreca-u-zagrebu-dva-auta-potpuno-unistena-jedan-osoba-ozlijedena-doslo-je-i-do-tucnjave/4723730/,2016-09-23 16:33:44,23,3,3,20,0,1,0,2,0";
"133205716542_10154562558616543,""Svjetski poznati znanstvenik upozorava da prilikom traženja života u svemiru itekako moramo biti oprezni, pogotovo ako je rijeè o naprednim biæima."",""STEPHEN HAWKING UPOZORAVA NA IZVANZEMALJCE 'Jednog dana mogli bismo dobiti signal s planeta Gisele 832c, ali nisam siguran trebamo li odgovoriti...'"",link,http://www.jutarnji.hr/life/znanost/stephen-hawking-upozorava-na-izvanzemaljce-jednog-dana-mogli-bismo-dobiti-signal-s-planeta-gisele-832c-ali-nisam-siguran-trebamo-li-odgovoriti.../4723241/,2016-09-23 15:45:22,121,24,7,110,3,6,2,0,0";
"133205716542_10154562484636543,""Jutarnji je istražio detalje sluèaja.";
"Objavljujemo i sporne stranice!"",EKSKLUZIVNO: SLUÈAJ DOKTORATA MIROSLAVA ŠEPAROVIÆA Profesor prava Vjekoslav Milièiæ tvrdi da je šef Ustavog suda plagirao disertaciju,link,http://www.jutarnji.hr/vijesti/hrvatska/ekskluzivno-slucaj-doktorata-miroslava-separovica-profesor-prava-vjekoslav-milicic-tvrdi-da-je-sef-ustavog-suda-plagirao-disertaciju/4723481/,2016-09-23 15:11:13,27,16,6,20,0,0,7,0,0";
"133205716542_10154562360406543,""<3 Sjetite se ove prièe ako se naðete u teškoj situaciji, neka vam posluži kao inspiracija:";
'Nije me bilo strah;
Bilo mi je važno samo da se još družim sa svojim kæerima i sa svojim mužem.;
Danas imam 58 godina, osteoporozu, visoki tlak, valunge, oslabljeno srce, bolove u zglobovima, masnu jetru i trigliceride... ;
"Kad èujem Zeppeline imam 17'"",""LJUBICA SE NE BOJI SMRTI, I NIKAD NIJE ZAPLAKALA Zapanjujuæa prièa žene koja je dobila jednu od najveæih borbi, onu s agresivnim karcinomom"",link,http://www.jutarnji.hr/life/zivotne-price/ljubica-se-ne-boji-smrti-i-nikad-nije-zaplakala-zapanjujuca-prica-zene-koja-je-dobila-jednu-od-najvecih-borbi-onu-s-agresivnim-karcinomom/4722947/,2016-09-23 14:07:37,866,39,34,726,106,0,2,32,0";
"133205716542_10154562281246543,""Prijatelji su mu htjeli pomoæi, ali nisu mogli :D"",""VIDEO: ŠTO OÈEKIVATI KAD PUSTIŠ DVA MAJMUNA DA TI SE POPNU NA GLAVU? Životinje su nesmetano uživale u seksu, jer su prijatelji umirali od smijeha"",link,http://www.jutarnji.hr/viral/fun/video-sto-ocekivati-kad-pustis-dva-majmuna-da-ti-se-popnu-na-glavu-zivotinje-su-nesmetano-uzivale-u-seksu-jer-su-prijatelji-umirali-od-smijeha/4723331/,2016-09-23 13:29:18,22,4,1,18,0,0,4,0,0";
"133205716542_10154562199901543,""U dobru, u zlu - i u zatvoru! <3"",""POVIJESNI SLUÈAJ: LIKA JE DOBILA SVOJE PRVO GAY VJENÈANJE Mladenci su se zbližili u zatvoru, i jedva su našli kumove, na vjenèanje ih dovela policija"",link,http://www.jutarnji.hr/vijesti/hrvatska/povijesni-slucaj-lika-je-dobila-svoje-prvo-gay-vjencanje-mladenci-su-se-zblizili-u-zatvoru-i-jedva-su-nasli-kumove-na-vjencanje-ih-dovela-policija/4723355/,2016-09-23 12:51:37,134,72,4,100,6,3,20,2,3";
"133205716542_10154562092461543,""Kapa dolje!";
"Ovo je dokaz da još ima dobrih ljudi <3"",""ÈITATELJICU JE OVAJ POTEZ TAKSISTA GANUO DO SUZA 'Nije htio naplatiti vožnju do Hitne, neka mu se dobrota višestruko vrati'"",link,http://www.jutarnji.hr/vijesti/hrvatska/citateljicu-je-ovaj-potez-taksista-ganuo-do-suza-nije-htio-naplatiti-voznju-do-hitne-neka-mu-se-dobrota-visestruko-vrati/4722875/,2016-09-23 12:06:38,836,22,10,763,68,4,1,0,0";
"133205716542_10154561990466543,""Osim predsjednice ocijenili smo i druge politièarke, saborske zastupnice, neprimjerene seksepilne kombinacije, visoke èizme iznad koljena, suknje iznad koljena, duboki dekoltei... Ali i muški politièari i njihova izgužvana odjeæa, preveliki sakoi, traperice u sabornici...";
;
"Odijevaju li se naši politièari uopæe primjereno?"",""MODNI SUD: ODIJEVAJU LI SE NAŠI POLITIÈARI PRIMJERENO FUNKCIJAMA? Skupština UN-a i Sabor nisu modne piste, tamo se ne tjera moda"",link,http://www.jutarnji.hr/life/moda-i-ljepota/modni-sud-odijevaju-li-se-nasi-politicari-primjereno-funkcijama-skupstina-un-a-i-sabor-nisu-modne-piste-tamo-se-ne-tjera-moda/4721087/,2016-09-23 11:26:04,42,42,1,33,0,1,0,3,5";
"133205716542_10154561909651543,""On je drugaèije dijete.";
"Ali niti jedno dijete, ma koliko drugaèije bilo, ne zaslužuje ovo..."",POTRESAN ODGOVOR Rasplakat æete se kad vidite što je ovaj 11-godišnjak odgovorio na pitanje tko su mu najbolji prijatelji,link,http://www.jutarnji.hr/life/obitelj-i-djeca/potresan-odgovor-rasplakat-cete-se-kad-vidite-sto-je-ovaj-11-godisnjak-odgovorio-na-pitanje-tko-su-mu-najbolji-prijatelji/4722707/,2016-09-23 10:51:15,75,7,2,47,3,0,0,25,0";
"133205716542_10154561779626543,""Zašto se vratila u Hrvatsku,";
kako je u jednom danu ostala bez svega što je u životu zaradila, ;
;
"o svemu tome progovara prvi put u ovom intervjuu."",""MIRJANA HRGA POSVE OTVORENO ZA JUTARNJI O MILANOVIÆU I BANDIÆU 'Lakše je s Hezbolahom i Hamasom, negoli s Bandiæem'"",link,http://www.jutarnji.hr/spektakli/domace-zvijezde/mirjana-hrga-posve-otvoreno-za-jutarnji-o-milanovicu-i-bandicu-lakse-je-s-hezbolahom-i-hamasom-negoli-s-bandicem/4721141/,2016-09-23 10:10:23,318,40,10,289,4,0,16,0,9";
"133205716542_10154561630526543,Pa neæe biti tako loše.,""JESEN JE STIGLA KALENDARSKI, ALI... Kakvo nas vrijeme èeka iduæih dana i trebamo li iz ormara izvaditi jakne i kapute?"",link,http://www.jutarnji.hr/vijesti/hrvatska/jesen-je-stigla-kalendarski-ali...-kakvo-nas-vrijeme-ceka-iducih-dana-i-trebamo-li-iz-ormara-izvaditi-jakne-i-kapute/4722182/,2016-09-23 09:10:03,49,4,1,47,1,1,0,0,0";
133205716542_10154561537386543,Neprospavane noæi bivšeg trenera Modrih,PRVI ISPOVIJEST CICE KRANJÈARA NAKON NAPRASNOG ODLASKA IZ DINAMA To što se dogodilo je neobjašnjivo!,link,http://sportske.jutarnji.hr/nogomet/hnl/zlatko-kranjcar-za-sportske-novosti-bivsi-trener-dinama-prvi-put-progovorio-nakon-ostavke-poraz-i-igra-na-rujevici-su-mi-neobjasnjivi/4721180/,2016-09-23 08:26:10,31,6,2,31,0,0,0,0,0;
"133205716542_10154561438441543,""Rijeèanka Nejra bavi se manekenstvom, a ponekad se voli hvaliti fotografijama s luksuzne jahte..."",FOTO: RAZMAŽENI BOGATAŠI IZ DUBAIJA DOSLOVCE GAZE PO NOVCU Meðu odabrano društvo zalutala i bivša pratilja Miss Hrvatske!,link,http://www.jutarnji.hr/spektakli/domace-zvijezde/foto-razmazeni-bogatasi-iz-dubaija-doslovce-gaze-po-novcu-medu-odabrano-drustvo-zalutala-i-bivsa-pratilja-miss-hrvatske/4722374/,2016-09-23 07:44:42,135,49,4,116,6,2,9,1,1";
133205716542_10154561393771543,Otkrivamo koji zastupnici pripremaju transfer u klub zagrebaèkog gradonaèelnika,VELIKI PLAN MILANA BANDIÆA Kontrolira pet zastupnika i strpljivo èeka kolaps pregovora Mosta i HDZ-a: 'To je gotovo završena prièa',link,http://www.jutarnji.hr/vijesti/hrvatska/otkrivamo-veliki-plan-milana-bandica-kontrolira-pet-zastupnika-i-strpljivo-ceka-kolaps-pregovora-mosta-i-hdz-a-to-je-gotovo-zavrsena-prica/4721018/,2016-09-23 07:20:32,53,19,2,35,1,1,5,2,9;
133205716542_10154561345461543,Vjeèno provokativna,FOTO: ŠTREBERICA IZ 'MODERNE OBITELJI' NE OSTAVLJA PUNO MAŠTI Dovoljne su joj samo jakna i štikle,link,http://www.jutarnji.hr/spektakli/strane-zvijezde/foto-punasna-streberica-iz-moderne-obitelji-ne-ostavlja-puno-masti-dovoljne-su-joj-samo-jakna-i-stikle/4722110/,2016-09-23 06:55:33,43,5,0,43,0,0,0,0,0;
"133205716542_10154561246721543,""Starci su mu sve potpisivali, a fatalni Tito je gomilao nekretnine i novac"",RASKRINKAN TRANSVESTIT IZ BJELOVARA Promijenio spol kako bi zavodio starce i otimao im imovinu,link,http://www.jutarnji.hr/vijesti/hrvatska/raskrinkan-transvestit-iz-bjelovara-promijenio-spol-kako-bi-zavodio-starce-i-otimao-im-imovinu/4722155/,2016-09-23 06:21:01,560,132,91,350,1,11,110,18,70";
"133205716542_10154561200561543,""Svi komentiraju slom Brangeline, ali nitko to orginalnije napravio kao što je legendarni glumac"",SAMUEL L. JACKSON NA SVOJ NAÈIN PROKOMENTIRAO RAZVOD GODINE 'Veliki dio Amerike je presretan što je zla vještica ostala bez muža',link,http://www.jutarnji.hr/spektakli/strane-zvijezde/samuel-l.-jackson-na-svoj-nacin-prokomentirao-razvod-godine-veliki-dio-amerike-je-presretan-sto-je-zla-vjestica-ostala-bez-muza/4721849/,2016-09-23 05:50:00,220,8,1,195,6,0,18,0,1";
"133205716542_10154561168621543,""Na poèetku je bio shrvan, sada ga sto posto podržava"",VIDEO: LEGENDARNI MAGIC PROGOVORIO O SVOME SINU 'Trebalo mi je vremena da shvatim da je on takav kakav jest...',link,http://www.jutarnji.hr/spektakli/strane-zvijezde/video-legendarni-magic-progovorio-o-svome-sinu-trebalo-mi-je-vremena-da-shvatim-da-je-on-takav-kakav-jest.../4721732/,2016-09-23 05:16:00,70,9,2,61,4,2,1,0,2";
"133205716542_10154561134301543,Tko su ljudi od najveæeg povjerenja vjerojatnog premijera,""PLENKOVIÆEVIH ÈETRNAEST Ovako izgleda kadrovska jezgra nove državne moæi, otrkivamo i koga æe držati što dalje od vrha moæi!"",link,http://www.jutarnji.hr/globus/Globus-politika/plenkovicevih-cetrnaest-ovako-izgleda-kadrovska-jezgra-nove-drzavne-moci-otrkivamo-i-koga-ce-drzati-sto-dalje-od-vrha-moci/4721870/,2016-09-23 04:51:07,98,91,2,58,2,5,11,2,20";
"133205716542_10154561047926543,Snimka je došla do zaruènika...,""VIDEO: OTKAZANO VJENÈANJE! Kamerama uhvaæena kako se strastveno ljubi sa strancem na svojoj djevojaèkoj, pa sve objavljeno na Facebooku"",link,http://www.jutarnji.hr/viral/video-otkazano-vjencanje-kamerama-uhvacena-kako-se-strastveno-ljubi-sa-strancem-na-svojoj-djevojackoj-pa-sve-objavljeno-na-facebooku/4721612/,2016-09-23 04:04:00,298,53,5,247,3,8,37,1,2";
133205716542_10154561029091543,Zbog jednog meèa htio je odustati od svega!,ÐOKOVIÆ OTKRIO DOSAD NEPOZNATE POJEDINOSTI Srpski tenisaè priznao kako je naprasno želio prekinuti karijeru,link,http://sportske.jutarnji.hr/tenis/dokovic-otkrio-dosad-nepoznate-pojedinosti-srpski-tenisac-priznao-kako-je-naprasno-zelio-prekinuti-karijeru/4721471/,2016-09-23 03:40:17,28,4,0,28,0,0,0,0,0;
"133205716542_10154560946176543,""Taksisti izgubili živce: 'To ne želimo, ali...'"",""VIDEO: Prvo napali vozaè Ubera, sada prijete da æe blokirati Zagreb i Veliku Goricu"",link,http://www.jutarnji.hr/vijesti/zagreb/video-prvo-napali-vozaca-ubera-sada-prijete-da-ce-blokirati-zagreb-i-veliku-goricu-taksisti-izgubili-zivce-uzimaju-nam-50-voznji-dnevno/4720859/,2016-09-23 03:05:00,181,143,8,125,1,1,23,2,29";
"133205716542_10154560860886543,Tko kaže da je ljeto gotovo :),""JADRAN PUN KO' ŠIPAK Srušeni svi moguæi rekordi, turisti se ne žele vratiti kuæi: 'Baš nas briga za kišu, Hrvatska je zemlja iz snova!'"",link,http://www.jutarnji.hr/vijesti/hrvatska/jadran-pun-ko-sipak-sruseni-svi-moguci-rekordi-turisti-se-ne-zele-vratiti-kuci-bas-nas-briga-za-kisu-hrvatska-je-zemlja-iz-snova/4721477/,2016-09-23 02:40:00,2875,75,118,2704,105,12,51,0,3";
"133205716542_10154560843131543,""Jakna raskopèana do pupka, a ispod nje - baš ništa!"",""FOTO: SERENA, A GDJE JE GRUDNJAK? Nikad provokativnije izdanje najbolje tenisaèice svijeta"",link,http://www.jutarnji.hr/spektakli/strane-zvijezde/foto-serena-a-gdje-je-grudnjak-nikad-provokativnije-izdanje-najbolje-tenisacice-svijeta/4719578/,2016-09-23 02:05:07,62,13,0,58,2,0,2,0,0";
"133205716542_10154560800551543,""'Isprièavamo se, moramo prekinuti program'"",""POGLEDAJTE KAKO IZGLEDA PREDIZBORNO SUÈELJAVANJE U GRUZIJI 'Slušaj budaletino, razbit æu ti ovu èašu na glavi!'"",link,http://www.jutarnji.hr/vijesti/svijet/pogledajte-kako-izgleda-predizborno-suceljavanje-u-gruziji-slusaj-budaletino-razbit-cu-ti-ovu-casu-na-glavi/4719881/,2016-09-23 01:50:59,13,2,0,13,0,0,0,0,0";
"133205716542_10154560775091543,Èudo u Sibiru!,""JADNIK SE SKLUPÈAO ISPOD DRVA... Trogodišnjak proveo 72 sata u šumi, preživio vukove, medvjede, hladnu rijeku i niske temperature!"",link,http://www.jutarnji.hr/life/zivotne-price/jadnik-se-sklupcao-ispod-drva...-cudo-u-sibiru-trogodisnjak-proveo-72-sata-u-sumi-prezivio-vukove-medvjede-hladnu-rijeku-i-niske-temperature/4720967/,2016-09-23 01:32:31,161,4,3,128,7,0,1,25,0";
"133205716542_10154560710066543,U manje od tri mjeseca stiglo èak 70 pritužbi na rad gospoðe Skuljan,""JA SAM PRVA DRŽAVNA SLUŽBENICA OTPUŠTENA ZBOG NELJUBAZNOSTI Žalili su se da je bahata i bez ljudskosti, ali ona inzistira: Šefovi su mi sve smjestili!"",link,http://www.jutarnji.hr/vijesti/hrvatska/ja-sam-prva-drzavna-sluzbenica-otpustena-zbog-neljubaznosti-zalili-su-se-da-je-bahata-i-bez-ljudskosti-ali-ona-inzistira-sefovi-su-mi-sve-smjestili/4720520/,2016-09-23 00:45:32,690,195,43,591,16,12,65,2,4";
133205716542_10154560622701543,Sluèaj koji je zapalio društvene mreže,CURICU OTJERALI IZ ŠKOLSKE MENZE JER JE DONIJELA SENDVIÈ OD KUÆE?! Natjerali je da jede sama u praznoj uèionici: 'Zabranjeno je nositi hranu od doma!',link,http://www.jutarnji.hr/vijesti/svijet/curicu-otjerali-iz-skolske-menze-jer-je-donijela-sendvic-od-kuce-natjerali-je-da-jede-sama-u-praznoj-ucionici-zabranjeno-je-nositi-hranu-od-doma/4720322/,2016-09-23 00:15:01,234,46,16,119,1,2,2,34,76;
"133205716542_10154560574196543,""Gradnja je gotova, a kad æe do mosta doæi cesta, e to je veæ druga prièa!"",""FOTO: MOST DO KOJEG SE NE MOŽE DOÆI I KOJI NE VODI NIKAMO Velebna graðevina na Dravi koštala je 1,2 milijarde kuna, a vodi ravno u polje!"",link,http://www.jutarnji.hr/vijesti/hrvatska/foto-most-do-kojeg-se-ne-moze-doci-i-koji-ne-vodi-nikamo-velebna-gradevina-na-dravi-kostala-je-12-milijarde-kuna-a-vodi-ravno-u-polje/4721300/,2016-09-22 23:06:26,247,34,17,175,2,4,36,23,7";
"133205716542_10154560490386543,""Izdaleka impresivan dvorac naoko je u odliènom stanju, ali kada mu se priðe bliže, pokazuje znakove propadanja"",FOTO: NEKADAŠNJE IMANJE VARAŽDINSKOG TAJKUNA Kako je devastiran impresivan dvorac i spomenik kulture,link,http://www.jutarnji.hr/domidizajn/interijeri/prodaje-se-vrijedno-imanje-jos-jedan-spomenik-kulture-trazi-novog-vlasnika/4714049/,2016-09-22 22:03:34,163,10,10,150,2,1,1,8,1";
133205716542_10154560390431543,Muèan sluèaj zvjerskog napastovanja u Podstrani još uvijek se vuèe po hrvatskim sudovima,SLUÈAJ BRUTALNOG SILOVANJA KOJI JE ZGROZIO HRVATSKU Vještaci proturjeèe jedni drugima: Kako je zapravo došlo do odnosa koji je cura jedva preživjela?,link,http://www.jutarnji.hr/vijesti/crna-kronika/slucaj-brutalnog-silovanja-koji-je-zgrozio-hrvatsku-vjestaci-proturjece-jedni-drugima-kako-je-zapravo-doslo-do-odnosa-koji-je-cura-jedva-prezivjela/4721255/,2016-09-22 20:52:57,60,22,4,31,2,1,0,17,9;
133205716542_10154560283751543,Svjedoci progovorili o muènom dogaðaju koji je navodno bio okidaè za braèni krah,NOVI ŠOKANTNI DETALJI: PIJANI BRAD PITT IZVAN KONTROLE Cure pojedinosti velikog obraèuna s najstarijim sinom: 'Sve je eskaliralo u avionu...',link,http://www.jutarnji.hr/spektakli/strane-zvijezde/novi-sokantni-detalji-pijani-brad-pitt-izvan-kontrole-cure-pojedinosti-velikog-obracuna-s-najstarijim-sinom-sve-je-eskaliralo-u-avionu.../4721234/,2016-09-22 19:46:47,79,21,4,68,3,1,1,6,0;
133205716542_10154560129496543,Isplati li se dati toliku svotu za sve ovo?,VIDEO: OVAKO IZGLEDA LUKSUZ PRVE KLASE Bloger otkrio što uistinu znaèi let za koji karta košta 142.000 kune i u èemu je sve uživao,link,http://www.jutarnji.hr/life/putovanja/video-ovako-izgleda-luksuz-prve-klase-bloger-otkrio-sto-uistinu-znaci-let-za-koji-karta-kosta-142.000-kune-i-u-cemu-je-sve-uzivao/4720991/,2016-09-22 18:23:29,61,8,3,55,2,0,3,0,1;
133205716542_10154559991961543,Sramotna rabota novinarku je zaprepastila,SKANDAL U ITALIJI Atraktivnoj sportskoj novinarki Sky Sportsa hakirali mobitel i objavili njezine golišave fotografije,link,http://sportske.jutarnji.hr/hotsport/skandal-u-italiji-atraktivnoj-sportskoj-novinarki-sky-sportsa-hakirali-mobitel-i-objavili-njezine-golisave-fotografije/4720826/,2016-09-22 17:20:25,30,10,1,28,1,0,1,0,0;
"133205716542_10154558263231543,""'Zovite me preljubnicom, osvetnicom, prevaranticom... nije mi važno. ";
;
Ako sam išta nauèila u trenutku razoèarenja, to je da ne treba uložiti sve karte na jednog igraèa. ;
;
"Uostalom, zašto bi takvi izleti bili rezervirani iskljuèivo za muškarce?'"",Pazi što želiš ili kako sam postala ljubavnica...,link,http://zivim.hr/volim/pazi-sto-zelis-ili-kako-sam-postala-ljubavnica/,2016-09-22 17:01:01,66,15,0,64,1,0,1,0,0";
"133205716542_10154559917441543,Ovo je uistinu nevjerojatno!,""HRVATSKI OSNOVCI NA MUKAMA, RASPOREDI SATI PUCAJU PO ŠAVOVIMA Na nastavu istog dana moraju iæi u obje smjene! Pogledajte primjere apsurdnih satnica"",link,http://www.jutarnji.hr/vijesti/hrvatska/hrvatski-osnovci-na-mukama-rasporedi-sati-pucaju-po-savovima-na-nastavu-istog-dana-moraju-ici-u-obje-smjene-pogledajte-primjere-apsurdnih-satnica/4716941/,2016-09-22 16:41:33,660,145,92,482,0,2,8,46,122";
"133205716542_10154559857111543,""Pljušte pozitivne reakcije, ali našla se i pokoja kritika"",""FOTO: SUSRET U BIJELOJ KUÆI Predsjednica iz New Yorka otputovala u Washington, pozirala s Obamama i dobila brojne pohvale"",link,http://www.jutarnji.hr/vijesti/hrvatska/foto-susret-u-bijeloj-kuci-predsjednica-iz-new-yorka-otputovala-u-washington-pozirala-s-obamama-i-dobila-brojne-pohvale/4721024/,2016-09-22 16:19:23,492,66,5,458,18,4,4,0,8";
"133205716542_10154559732856543,""Proteklih se dana poèeo spominjati i moguæi novi rat u BiH, a u pozadini svega stoji Dodikov referendum koji je Putin, prema njegovim rijeèima, upravo podržao"",""U REGIJI SVE NAPETIJE, DODIK SE U MOSKVI SASTAO S RUSKIM PREDSJEDNIKOM 'Putin mi je rekao da je referendum pravo naroda'"",link,http://www.jutarnji.hr/vijesti/svijet/u-regiji-sve-napetije-dodik-se-u-moskvi-sastao-s-ruskim-predsjednikom-putin-mi-je-rekao-da-je-referendum-pravo-naroda/4720787/,2016-09-22 15:29:24,190,112,12,135,4,2,21,3,25";
"133205716542_10154559643721543,Na listi mušterija su i neki imuæni biznismeni,""U ZAGREBU RAZBIJEN LANAC MEÐUNARODNE PROSTITUCIJE Uhitili poznatog kung fu majstora, pronaðena i bilježnica s cijenama i popisom elitnih klijenata"",link,http://www.jutarnji.hr/vijesti/crna-kronika/u-zagrebu-razbijen-lanac-medunarodne-prostitucije-uhitili-poznatog-kung-fu-majstora-pronadena-i-biljeznica-s-cijenama-i-popisom-elitnih-klijenata/4720832/,2016-09-22 14:49:58,355,83,24,299,5,9,23,4,15";
133205716542_10154559511486543,Najgori trenutak,STRAŠAN UDARAC ZA HRVATSKU DAVIS CUP REPREZENTACIJU Borna Æoriæ mora na operaciju uoèi velikog finala protiv Argentine,link,http://sportske.jutarnji.hr/tenis/strasan-udarac-za-hrvatsku-davis-cup-reprezentaciju-borna-coric-mora-na-operaciju-uoci-velikog-finala-protiv-argentine/4720598/,2016-09-22 13:51:57,143,29,5,109,0,2,1,29,2;
"133205716542_10154559391251543,""Zlato lažnog sjaja: Donosimo ekskluzivan uvid u MUP-ovu zbirku krivotvorina, uskoro æe ih se moæi vidjeti i na izložbi!"",""KAKO SE VARA KOLEKCIONARE Umjesto ulja na platnu, uvale 'kinesku štampu' s lažnim potpisom Murtiæa"",link,http://www.jutarnji.hr/kultura/art/policijska-zbirka-krivotovorina-umjesto-ulja-na-platnu-kineska-stampa-s-laznim-potpisima-murtica-ivancica-stancica.../4716611/,2016-09-22 13:21:00,51,11,5,44,1,0,5,0,1";
"133205716542_10154559293401543,""[FOTO] Još stignete prijaviti i svoj, pobjednici osvajaju vrlo lijepe nagrade :)";
;
"Koji vam se najviše sviða?"",BIRAMO NAJLJEPŠE DNEVNE BORAVKE U HRVATSKOJ! Pogledajte najbriljantnije interijere u Lijepoj našoj!,link,http://apps.jutarnji.hr/natjecaji/,2016-09-22 12:37:01,642,56,28,626,10,4,2,0,0";
"133205716542_10154559174911543,""Zbog nje mu se, izgleda, raspao i brak"",ONA JE PRAVA I JEDINA ISTINSKA LJUBAV BRADA PITTA Neraskidiva veza koja traje veæ desetljeæima: 'Zbog nje sam propao i na fakultetu',link,http://www.jutarnji.hr/spektakli/strane-zvijezde/ona-je-prava-i-jedina-istinska-ljubav-brada-pitta-neraskidiva-veza-koja-traje-vec-desetljecima-zbog-nje-sam-propao-i-na-fakultetu/4720679/,2016-09-22 11:39:03,275,45,16,227,8,6,29,4,1";
"133205716542_10154559141171543,Donosimo nepoznate detalje o dramatiènim zbivanjima tijekom Domovinskog rata u Glini,""KAKO JE UBIJEN UGLEDNI NOVINAR 'Zagrlio sam ga, a on mi je zahvaljivao. Umirao mi je na rukama...'"",link,http://www.jutarnji.hr/vijesti/hrvatska/kako-je-ubijen-novinar-za-ciju-smrt-odgovornim-smatraju-kapetana-dragana-u-auto-su-mu-ispalili-7-metaka-jedan-od-njih-bio-je-koban/4716974/,2016-09-22 11:22:01,27,5,3,26,0,1,0,0,0";
"133205716542_10154559011366543,""Ako je za suditi po potezu ovog mališana, još ima nade za ovaj svijet"",""VIDEO: DJEÈAK (6) PONUDIO UTOÈIŠTE MALENOM SIRIJCU I DIRNUO SVIJET 'Èekaju ga cvijeæe i baloni, pružit æemo mu obitelj, on æe biti naš brat'"",link,http://www.jutarnji.hr/viral/aww/video-djecak-6-ponudio-utociste-malenom-sirijcu-i-dirnuo-svijet-cekaju-ga-cvijece-i-baloni-pruzit-cemo-mu-obitelj-on-ce-biti-nas-brat/4720511/,2016-09-22 10:34:10,2144,36,34,1819,245,2,3,75,0";
133205716542_10154558869996543,Kraj jedne ere,CIGARETE RONHILL NAKON 37 GODINA ODLAZE U POVIJEST Legendarni brend koji postoji od 1979. više se neæe tako zvati,link,http://www.jutarnji.hr/biznis/tvrtke/cigarete-ronhill-nakon-37-godina-odlaze-u-povijest-legendarni-brend-koji-postoji-od-1979.-vise-se-nece-tako-zvati/4720343/,2016-09-22 09:55:47,751,127,72,634,4,30,5,70,8;
133205716542_10154558754636543,Sve više prljavog veša izlazi na vidjelo,KUÆA ANGELINE I BRADA JE POPUT LUDNICE Dadilja priznala: 'Totalna anarhija! Vidjela sam njihovog sina (9) kako loèe vino i vozi automobil!',link,http://www.jutarnji.hr/spektakli/strane-zvijezde/kuca-angeline-i-brada-je-poput-ludnice-dadilja-priznala-totalna-anarhija-vidjela-sam-njihovog-sina-9-kako-loce-vino-i-vozi-automobil/4718960/,2016-09-22 09:07:00,360,51,6,309,3,5,15,27,1;
"133205716542_10154558651846543,""Blogerica na briljantan naèin zaèepila usta ratnim huškaèima iz Srbije i BiH.";
;
"'Dovedite svoje klince s prestižnih svjetskih koledža i skinite ih iz fotelja nadzornih odbora državnih firmi, u ruke im poturite kalaše pa nek ginu za budalaštine koje sanjate'"",'Odj*** od omladine koja masovno upisuje medicinsku školu samo da bi mogli prati i masirati švapske starce!',link,http://www.jutarnji.hr/vijesti/svijet/odj-od-omladine-koja-masovno-upisuje-medicinsku-skolu-samo-da-bi-mogli-prati-i-masirati-svapske-starce/4719452/,2016-09-22 08:28:29,7124,98,682,6788,283,7,29,9,8";
"133205716542_10154558594476543,""Oni parovi koji se odluèe razvesti, morat æe proæi kroz novi postupak.";
Onima u izvanbraènoj zajednici ukidaju se neka prava.;
;
"Pogledajte koje su sve novosti u zakonu..."",""KORAK UNAZAD: PRIPREMA SE NOVI, ZNATNO KONZERVATIVNIJI OBITELJSKI ZAKON Svi parovi morat æe proæi obavezno predbraèno savjetovanje"",link,http://www.jutarnji.hr/vijesti/hrvatska/korak-unazad-priprema-se-novi-znatno-konzervativniji-obiteljski-zakon-svi-parovi-morat-ce-proci-obavezno-predbracno-savjetovanje/4717523/,2016-09-22 08:02:10,1112,540,219,577,23,19,122,29,342";
"133205716542_10154558519126543,Stravièna sudbina mlade studentice (24) :(,""KAMERE SU JE POSLJEDNJI PUT SNIMILE ŽIVU Upoznala muškarca u kafiæu, a onda je uslijedio pakao..."",link,http://www.jutarnji.hr/vijesti/svijet/nadzorne-kamere-snimile-studenticu-posljednji-put-zivu-muskarca-je-upoznala-u-baru-popila-s-njim-par-pica-a-onda-ju-je-ubio-raskomadao-i-zapalio/4718951/,2016-09-22 07:28:02,111,6,2,80,2,0,0,27,2";
"133205716542_10154558402051543,Rekla je majci da æe se vratiti...,""MISICA (17) POBJEGLA U DUBAI KAKO BI PRODALA SVOJU NEVINOST: S 88 tisuæa kuna planirala je platiti studij, u potragu se ukljuèila i policija"",link,http://www.jutarnji.hr/spektakli/strane-zvijezde/misica-17-pobjegla-u-dubai-kako-bi-prodala-svoju-nevinost-s-88-tisuca-kuna-planirala-je-platiti-studij-u-potragu-se-ukljucila-i-poicija/4718720/,2016-09-22 06:36:52,220,59,9,179,4,2,6,16,13";
"133205716542_10154558316071543,EKSKLUZIVNO: Ovo su ljudi od najveæeg Plenkoviæevog povjerenja!,""Evo tko bi u novoj Vladi trebao voditi vanjske poslove, obranu, gospodarstvo, kulturu..."",link,http://www.jutarnji.hr/globus/Globus-politika/globus-saznaje-tko-bi-u-buducoj-vladi-trebao-voditi-vanjske-poslove-obranu-gospodarstvo-kulturu-zdravstvo.../4718435/,2016-09-22 06:02:40,102,37,6,85,2,3,8,1,3";
133205716542_10154558225011543,Prošlo je gotovo èetiri desetljeæa od nestanka. Je li Perica nestali brat ili netko drugi? Odakle je stigao i što mu se toèno dogodilo?,MISTERIJ STAR 36 GODINA: JAVILA SE ŽENA KOJA TVRDI DA JE KIŠNI ÈOVJEK S RABA NJEN BRAT! 'Perica se davno izgubio...',link,http://www.jutarnji.hr/life/zivotne-price/misterij-star-36-godina-javila-se-zena-koja-tvrdi-da-je-kisni-covjek-s-raba-njen-brat-perica-se-davno-izgubio.../4718888/,2016-09-22 05:21:43,188,5,5,166,13,7,0,2,0;
"133205716542_10154558184926543,Dvogodišnja kæi pokušava probuditi mamu. Ovo se dogaða na odjelu s igraèkama... dijete je plakalo dok je pokušavalo vratiti majku u život :'(,""VIDEO: 'MAMA, PROBUDI SE...' Objavljena uznemirujuæa snimka iz supermarketa koja najbolje svjedoèi što heroin može napraviti ljudima"",link,http://www.jutarnji.hr/vijesti/svijet/video-mama-probudi-se...-objavljena-uznemirujuca-snimka-iz-supermarketa-koja-najbolje-svjedoci-sto-heroin-moze-napraviti-ljudima/4718540/,2016-09-22 04:52:41,523,117,43,203,2,1,0,220,97";
"133205716542_10154558090216543,""Prijetili su mu, pokazivali stražnicu...";
;
"'Što je smiješno, j*** æu ti dijete!'"",""EKSKLUZIVNI VIDEO: POGLEDAJTE NAPAD NA TAKSISTA KOD ZAGREBAÈKOG AERODROMA Opkolili mu auto: 'Budalo, razbit æu ti šajbu, što je smiješno...'"",link,http://www.jutarnji.hr/vijesti/hrvatska/ekskluzivni-video-pogledajte-napad-na-taksista-kod-zagrebackog-aerodroma-opkolili-mu-auto-budalo-razbit-cu-ti-sajbu-sto-je-smijesno.../4718423/,2016-09-22 04:04:21,308,169,46,223,1,6,11,8,59";
"133205716542_10154558058271543,""On nije prvo dijete slavne glumice koje je preminulo. Jedna kæer umrla je od zatajenja srca 2000., a sin preminuo je 2008. godine..."",TRAGEDIJA U OBITELJI SLAVNE GLUMICE Njezin 27-godišnji sin preminuo je u prometnoj nesreæi,link,http://www.jutarnji.hr/spektakli/strane-zvijezde/tragedija-u-obitelji-slavne-glumice-njezin-27-godisnji-sin-preminuo-je-u-prometnoj-nesreci/4718309/,2016-09-22 03:41:45,67,4,1,33,0,1,0,32,1";
"133205716542_10154557993191543,Potvrdila je ono što se nagaðalo kroz protekla dva dana...,""NAVODNA LJUBAVNICA BRADA PITTA KONAÈNO SE OGLASILA 'Priznajem, trudna sam!'"",link,http://www.jutarnji.hr/spektakli/strane-zvijezde/navodna-ljubavnica-brada-pitta-konacno-se-oglasila-priznajem-trudna-sam/4718141/,2016-09-22 03:02:59,411,61,13,353,6,27,19,3,3";
"133205716542_10154557965616543,""Nova strategija Hrvatske";
;
"Je li ovakva mjera potrebna, koji je vaš stav?"",""HRVATSKA PRIPREMA STRATEGIJU 'Postavit æemo žicu na granici s BiH i Srbijom, neæemo biti hot-spot'"",link,http://www.jutarnji.hr/vijesti/hrvatska/hrvatska-priprema-strategiju-postavit-cemo-zicu-na-granici-s-bih-i-srbijom-necemo-biti-hot-spot/4716902/,2016-09-22 02:52:41,1112,396,55,967,58,10,13,42,22";
"133205716542_10154557862211543,""Raggi trati vrijeme iskljuèivo na sastavljanje svoje uprave, dok se frakcije u PoKretu oko toga glože kao žuti mravi. ";
A iza ugla je moguæi bankrot...;
;
"Zvuèi li vam ovo poznato?"",GRADONAÈELNICA IZ TALIJANSKE VERZIJE ŽIVOG ZIDA Trebala su joj samo tri mjeseca da Rim dovede do propasti,link,http://www.jutarnji.hr/vijesti/svijet/gradonacelnica-iz-talijanske-verzije-zivog-zida-trebala-su-joj-samo-tri-mjeseca-da-rim-dovede-do-propasti/4717181/,2016-09-22 02:12:07,83,20,2,55,1,1,22,4,0";
"133205716542_10154557716041543,Zveckanje oružjem.,""ALARM ZBOG PRIJETNJI RATOM U BiH Stanje iz sata u sat zbog Dodikova referenduma sve napetije, otkrivamo kakve poteze planira povuæi naš politièki vrh"",link,http://www.jutarnji.hr/vijesti/hrvatska/alarm-zbog-prijetnji-ratom-u-bih-stanje-iz-sata-u-sat-zbog-dodikova-referenduma-sve-napetije-otkrivamo-kakve-poteze-planira-povuci-nas-politicki-vrh/4716812/,2016-09-22 00:56:05,366,223,40,246,5,11,14,33,57";
"133205716542_10154557517786543,""[EKSKLUZIVNO] Veliki intervju s èuvenim redateljem, trostrukim dobitnikom Oscara, uoèi hrvatske premijere njegova najnovijeg filma 'Snowden'"",""OLIVER STONE ZA JUTARNJI 'Je li Hrvatska èlan NATO-a? Jest? Kurvini sinovi! Stavili su svoje šape svagdje, to je jednostavno odvratno!'"",link,http://www.jutarnji.hr/kultura/film-i-tv/oliver-stone-za-jutarnji-je-li-hrvatska-clan-nato-a-jest-kurvini-sinovi-stavili-su-svoje-sape-svagdje-to-je-jednostavno-odvratno/4712597/,2016-09-22 00:15:01,268,12,36,257,11,0,0,0,0";
"133205716542_10154557516381543,""Nakon što je brutalno premlaæen, ostao je ležati u velikoj lokvi krvi"",MLADIÆA KOJI JE KAO MALOLJETNIK UBIO ÈOVJEKA NAŠLI TEŠKO RANJENOG Oteli ga i pretukli èim je izašao iz zatvora zbog pokušaja novog ubojstva,link,http://www.jutarnji.hr/vijesti/crna-kronika/mladica-koji-je-kao-maloljetnik-ubio-covjeka-nasli-tesko-ranjenog-oteli-ga-i-pretukli-cim-je-izasao-iz-zatvora-zbog-pokusaja-novog-ubojstva/4717475/,2016-09-21 23:24:01,267,51,4,229,3,5,11,16,3";
133205716542_10154535388606543,'On svaki dan nadmaši moja oèekivanja' - kaže Antonija,Mrzite usisavati? Pogledajte kome je Antonija Blaæe uvalila taj omraženi zadatak,link,http://www.jutarnji.hr/Promo/vas-novi-kucni-ljubimac-irobot-roomba-866/4690157/,2016-09-21 23:03:00,48,9,0,43,5,0,0,0,0;
133205716542_10154557393346543,Jeste li isprobali Photomath?,STIGLA NOVA VERZIJA GENIJALNE HRVATSKE APLIKACIJE Photomath od sada prepoznaje i rukopis korisnika prilikom rješavanja matematièkih problema!,link,http://www.jutarnji.hr/life/tehnologija/stigla-nova-verzija-genijalne-hrvatske-aplikacije-photomath-od-sada-prepoznaje-i-rukopis-korisnika-prilikom-rjesavanja-matematickih-problema/4717358/,2016-09-21 21:49:01,204,12,28,197,3,4,0,0,0;
"133205716542_10154557296751543,""'Nije se smjela ošišati, a kosa je bila duga. Èistio sam vlas po vlas...', prièa nam Goran Vlah"",ISPOVIJEST JEDINOG PROFESIONALNOG ISTREBLJIVAÈA UŠIJU I GNJIDA U HRVATSKOJ Jednoj sam djevojci kosu èistio punih 7 sati!,link,http://www.jutarnji.hr/vijesti/zagreb/ispovijest-jedinog-profesionalnog-istrebljivaca-usiju-i-gnjida-u-hrvatskoj-jednoj-sam-djevojci-kosu-cistio-punih-7-sati-cistio-sam-vlas-po-vlas.../4712933/,2016-09-21 20:41:27,280,44,45,245,6,17,10,1,1";
"133205716542_10154557190356543,Ovo provjereno funkcionira!,""JEDNOSTAVNO, A VRLO UÈINKOVITO Što je 'pravilo od 72 sata' i kako vam može pomoæi da uštedite novac"",link,http://www.jutarnji.hr/komentari/jednostavno-a-vrlo-ucinkovito-sto-je-pravilo-od-72-sata-i-kako-vam-moze-pomoci-da-ustedite-novac/4713314/,2016-09-21 19:31:51,190,16,15,181,5,1,3,0,0";
"133205716542_10154556993521543,Progovorio je o braènom brodolomu,""BRAD PITT OTVORIO DUŠU PRIJATELJIMA Priznao da pije kao smuk, Angelinu preklinjao da odustane od razvoda pa ispalio: 'Volim je, ali ta žena je luda!'"",link,http://www.jutarnji.hr/spektakli/strane-zvijezde/brad-pitt-otvorio-dusu-prijateljima-priznao-da-pije-kao-smuk-angelinu-preklinjao-da-odustane-od-razvoda-pa-ispalio-volim-je-ali-ta-zena-je-luda/4717892/,2016-09-21 18:17:53,214,18,5,195,3,0,2,14,0";
"133205716542_10154556871571543,""Iz Moskve je stigao neoèekivan poziv: 'Primijetili smo da avione i helikoptere punite gorivom, zar kreæete u napad na Siriju?'"",PROCURILI DOSAD NEPOZNATI DETALJI O PROPASTI PUÈA U TURSKOJ Kako je Putin Erdoganu u zadnji tren javio da se nešto sprema,link,http://www.jutarnji.hr/vijesti/svijet/procurili-dosad-nepoznati-detalji-o-propasti-puca-u-turskoj-kako-je-putin-erdo%C4%9Fanu-u-zadnji-tren-javio-da-se-nesto-sprema/4717166/,2016-09-21 17:11:45,59,2,5,49,5,1,2,1,1";
133205716542_10154556806241543,Velika sila ruši globalnu mrežu!,UGLEDNI STRUÈNJAK ZA RAÈUNALNU SIGURNOST 'Poèeo je nevidljivi cyber rat i nema nikakve sumnje - netko upravo pokušava srušiti internet!',link,http://www.jutarnji.hr/vijesti/svijet/ugledni-strucnjak-za-racunalnu-sigurnost-poceo-je-nevidljivi-cyber-rat-i-nema-nikakve-sumnje-netko-upravo-pokusava-srusiti-internet/4717481/,2016-09-21 16:36:58,54,4,6,47,3,0,1,0,3;
"133205716542_10154556726571543,Vodila je uistinu buran život,""NAPALA BRADA DA JE NAPUŠENA PIJANDURA, A ŠTO JE TEK ONA RADILA Bizarna Angelinina prošlost: Drogirala se, rezala se nožem, ljubakala se s bratom..."",link,http://www.jutarnji.hr/spektakli/strane-zvijezde/napala-brada-da-je-napusena-pijandura-a-sto-je-tek-ona-radila-bizarna-angelinina-proslost-drogirala-se-rezala-se-nozem-ljubakala-se-s-bratom.../4716623/,2016-09-21 15:53:29,173,38,4,155,2,3,7,1,5";
"133205716542_10154556661861543,Ispovijesti majki koje su požalile što su rodile,""POSLJEDNJI RODITELJSKI TABU 'Obožavam ih, ali nisam sretna. Uzeli su mi svu slobodu, ne mogu naæi posao...'"",link,http://www.jutarnji.hr/life/obitelj-i-djeca/posljednji-roditeljski-tabu-ove-majke-zale-sto-su-rodile-obozavam-ih-ali-nisam-sretna.-uzeli-su-mi-svu-slobodu-ne-mogu-naci-posao.../4714400/,2016-09-21 15:21:06,476,107,37,354,6,5,2,59,50";
"133205716542_10154556619066543,""'Netko mu je napunio glavu i da ga Marijana vara', preprièavaju nam susjedi"",OTKRIVAMO ZAŠTO JE ZAPRAVO VELJKO MARIÆ OPET ZAVRŠIO IZA REŠETAKA Optužen je jer je pred djecom terorizirao suprugu,link,http://www.jutarnji.hr/vijesti/crna-kronika/otkrivamo-zasto-je-zapravo-veljko-maric-opet-zavrsio-iza-resetaka-optuzen-je-jer-je-pred-djecom-terorizirao-suprugu/4716965/,2016-09-21 15:00:18,43,37,0,37,1,0,1,3,1";
"133205716542_10154556523206543,On je pravo rješenje,""SAMO JEDAN ÈOVJEK MOŽE SPASITI DINAMO 'On je pet koplja iznad svih, on vidi sve! Mamiæ æe grubo pogriješiti ako ga ne angažira...'"",link,http://sportske.jutarnji.hr/nogomet/hnl/samo-jedan-covjek-moze-spasiti-dinamo-on-je-pet-koplja-iznad-svih-on-vidi-sve-mamic-ce-grubo-pogrijesiti-ako-ga-ne-angazira.../4714706/,2016-09-21 14:14:58,104,21,2,95,4,0,5,0,0";
133205716542_10154556350916543,Kako vam se sviða novo predsjednièino izdanje?,PREDSJEDNICA U BIJELOJ ÈIPKASTOJ HALJINI PREDSTAVILA NOVI IMIDŽ Izazvala brojne pozitivne reakcije: 'Prošla su vremena korporativnog odijevanja',link,http://www.jutarnji.hr/life/moda-i-ljepota/predsjednica-u-bijeloj-cipkastoj-haljini-predstavila-novi-imidz-izazvala-brojne-pozitivne-reakcije-prosla-su-vremena-korporativnog-odijevanja/4716698/,2016-09-21 13:28:11,5728,532,41,5169,430,33,79,6,11;
133205716542_10154556252901543,Avioni uopæe ne mogu slijetati!,ULUPALI 330 MILIJUNA EURA U AERODROM PA NAPRASNO OTKAZALI OTVORENJE JER JE NEUPOTREBLJIV 'Shvatili smo da su vjetrovi na ovoj lokaciji presnažni',link,http://www.jutarnji.hr/vijesti/svijet/ulupali-330-milijuna-eura-u-aerodrom-pa-naprasno-otkazali-otvorenje-jer-je-neupotrebljiv-shvatili-smo-da-su-vjetrovi-na-ovoj-lokaciji-presnazni/4716272/,2016-09-21 12:42:25,136,19,6,102,3,2,26,2,1;
"133205716542_10154556173406543,Kakav bešæutni zlikovac!,""'ÐOLE, ZAŠTO SI MI UBIO MAÈIÆA?!' Prestravljena curica iz Borova gledala kako joj susjed mlati i ubija miljenika: 'Sad æu i tebe tako kao maèku!'"",link,http://www.jutarnji.hr/vijesti/crna-kronika/dole-zasto-si-mi-ubio-macica-prestravljena-curica-iz-borova-gledala-kako-joj-susjed-mlati-i-ubija-miljenika-sad-cu-i-tebe-tako-kao-macku/4712843/,2016-09-21 12:07:36,194,61,8,75,1,0,0,48,70";
133205716542_10154556085561543,Pojavila se i prièa da je Angelina Brada uhvatila u akciji s dadiljom njihove djece,NAJNOVIJE TEORIJE O BRAÈNOM KRAHU BRADA PITTA I ANGELINE JOLIE 'Glumica koju je Brad obljubio na filmskom setu nosi njegovo dijete',link,http://www.jutarnji.hr/spektakli/strane-zvijezde/najnovije-teorije-o-bracnom-krahu-brada-pitta-i-angeline-jolie-glumica-koju-je-brad-obljubio-na-filmskom-setu-nosi-njegovo-dijete/4716416/,2016-09-21 11:23:14,57,23,2,52,2,0,3,0,0;
133205716542_10154555992516543,U iskazu je spomenuo i poznatog trgovca oružjem,OTKRIVAMO: ŠTO JE ODMETNUTI ÈLAN ŽIVOG ZIDA REKAO USKOK-u Kuverte s desecima tisuæa eura u stranku su stizale više puta,link,http://www.jutarnji.hr/vijesti/hrvatska/otkrivamo-sto-je-odmetnuti-clan-zivog-zida-rekao-uskok-u-kuverte-s-desecima-tisuca-eura-u-stranku-su-stizale-vise-puta/4712900/,2016-09-21 10:46:27,51,33,6,43,3,0,5,0,0;
"133205716542_10154555871226543,""U povijesnom specijalu otkrivamo dosad nepoznate detalje o zloglasnom Memorandumu SANU, koji je bio najava krvavog raspada Jugoslavije"",""MEMORANDUM MRŽNJE Akademik Antonije Isakoviæ još sredinom 80-ih zlokobno je najavio: 'Bit æe rata, ali ne u Srbiji, i poginut æe 86 tisuæa ljudi!'"",link,http://www.jutarnji.hr/globus/Globus-politika/memorandum-mrznje-akademik-antonije-isakovic-jos-sredinom-80-ih-zlokobno-je-najavio-bit-ce-rata-ali-ne-u-srbiji-i-poginut-ce-86-tisuca-ljudi/4715012/,2016-09-21 10:03:40,40,19,5,32,2,0,0,0,6";
"133205716542_10154555767646543,""Stigla je pomalo iznenaðujuæa Milanoviæeva poruka, barem ako je za vjerovati Beljaku"",BELJAK SE NAKON DRASTIÈNOG ZAOKRETA ÈUO SA ZORANOM MILANOVIÆEM Uzdrmani šef HSS-a otkrio što mu je o odluci da podrži Plenkoviæa rekao lider SDP-a,link,http://www.jutarnji.hr/vijesti/hrvatska/beljak-se-nakon-drasticnog-zaokreta-cuo-sa-zoranom-milanovicem-uzdrmani-sef-hss-a-otkrio-sto-mu-je-o-odluci-da-podrzi-plenkovica-rekao-lider-sdp-a/4715705/,2016-09-21 09:20:32,39,18,1,34,1,0,4,0,0";
"133205716542_10154555670541543,""Vile, jahte, automobili, neviðeni luksuz... A ipak je to bilo odrastanje iz pakla!"",""ESCOBAROV SIN OTKRIO NOVE DETALJE O NEOBIÈNOM ODRASTANJU UZ KRALJA DROGE 'Umirali smo od gladi, a imali smo novca za kupiti cijeli supermarket!'"",link,http://www.jutarnji.hr/vijesti/svijet/escobarov-sin-otkrio-nove-detalje-o-neobicnom-odrastanju-uz-kralja-droge-umirali-smo-od-gladi-a-imali-smo-novca-za-kupiti-cijeli-supermarket/4714358/,2016-09-21 08:39:28,100,7,2,98,1,1,0,0,0";
"133205716542_10154555563346543,""Jedan od prevarenih Hrvata: 'Nakon toga svi smo se meðusobno pogledali i želja za odlaskom je bila još jaèa. ";
"A onda je uslijedio šok...'"",""STOTINE PREVARENIH HRVATA 'Obeæali su nam posao i smještaj u Irskoj. Dao sam otkaz, došao u Dublin, a zatim je uslijedio šok'"",link,http://www.jutarnji.hr/life/zivotne-price/stotine-prevarenih-hrvata-obecali-su-nam-posao-i-smjestaj-u-irskoj.-dao-sam-otkaz-dosao-u-dublin-a-onda-je-uslijedio-sok/4715084/,2016-09-21 07:44:46,432,74,128,309,7,11,30,22,53";
133205716542_10154555484551543,[VIDEO] Svako drvo koje okružuje zgradu košta 10.000 dolara.,DRONOM SNIMLJENA TAJNA 'ZLATNA BAZA' SCIJENTOLOGA Na imanju je kazalište izgraðeno samo za Toma Cruisea i zgrade u kojima…,link,http://www.jutarnji.hr/life/video-dronom-snimljena-tajna-zlatna-baza-scijentologa-na-imanju-je-kazaliste-izgradeno-samo-za-toma-cruisea-i-zgrade-u-kojima-drze-neposlusne/4714640/,2016-09-21 07:12:05,85,19,6,65,6,4,1,1,8;
"133205716542_10154555429971543,""'Treba stvarno imati petlje kazati da si katolik u jednoj zemlji gdje se ni ušljivi trgovaèki centar ne može otvoriti bez biskupskog blagoslova', piše Tomiæ."",ANTE TOMIÆ O LJUTNJI 53 SPORTAŠA I BLANKINOJ OTKRIVENOJ LJUBAVI ZA SVEMOGUÆEG U èemu je problem,link,http://www.jutarnji.hr/komentari/ante-tomic-o-ljutnji-53-sportasa-i-blankinoj-otkrivenoj-ljubavi-za-svemoguceg-u-cemu-je-problem/4714694/,2016-09-21 06:38:31,1213,171,55,1010,88,1,100,6,8";
133205716542_10154555350876543,Kuha bosanski lonac.,SRPSKI ŠEF DIPLOMACIJE 'Muslimani u BiH se spremaju za rat. Neæemo dopustiti vojni napad i uništenje Republike Srpske',link,http://www.jutarnji.hr/vijesti/svijet/srpski-sef-diplomacije-muslimani-u-bih-se-spremaju-za-rat.-necemo-dopustiti-vojni-napad-i-unistenje-republike-srpske/4714784/,2016-09-21 05:53:59,218,142,18,138,9,6,42,2,21;
"133205716542_10154555289276543,""[FOTO] Goli, razulareni i besramno bogati."",Ovi klinci plivaju u novcima i time se hvale na društvenim mrežama,link,http://www.jutarnji.hr/viral/bizarre/foto-goli-razulareni-i-bezobrazno-bogati-ovi-klinci-iz-singapura-plivaju-u-novcima-i-time-se-hvale-na-drustvenim-mrezama/4714025/,2016-09-21 05:17:32,445,60,13,376,15,3,3,21,27";
133205716542_10154555214596543,Razvod stoljeæa.,Društvene mreže preplavljene navodnim reakcijama Jennifer Aniston na krah Brangeline,link,http://www.jutarnji.hr/spektakli/strane-zvijezde/razvod-stoljeca-drustvene-mreze-preplavljene-navodnim-reakcijama-jennifer-aniston-na-krah-brangeline/4714040/,2016-09-21 04:40:54,101,13,1,85,9,2,2,3,0;
133205716542_10154555144121543,Saga o dekolteu se nastavlja...,NIVES ZAÈEPILA USTA ZLOBNICIMA 'Ovo je taj šokantni stajling. Isprièavam se ako sam povrijedila neèije moralne osjeæaje',link,http://www.jutarnji.hr/spektakli/domace-zvijezde/foto-nives-zacepila-usta-zlobnicima-%E2%80%98ovo-je-taj-sokantni-stajling.-ispricavam-se-ako-sam-povrijedila-necije-moralne-osjecaje%E2%80%99/4714226/,2016-09-21 04:01:46,393,105,1,347,29,3,13,0,1;
"133205716542_10154555113606543,""Na krajnjem desnom krilu HDZ-a proteklih se dana poèela okupljati, èini se, unutarstranaèka """"oporba""""."",""'Hasanbegoviæ nema šanse u sukobu s Plenkoviæem, Brkiæ nije uz njega'"",link,http://www.jutarnji.hr/vijesti/hrvatska/hasanbegovic-i-brkic-nisu-dio-iste-struje-hdz-a/4713356/,2016-09-21 03:39:43,69,44,3,48,4,1,13,1,2";
133205716542_10154555085016543,[VIDEO] Vruæe scene u novom Kusturièinom filmu.,MONICA BELLUCCI PROGOVORILA SRPSKI Talijanska ljepotica strastveno se ljubi s Kusturicom u njegovom novom filmu,link,http://www.jutarnji.hr/spektakli/strane-zvijezde/video-monica-bellucci-progovorila-srpski-talijanska-ljepotica-strastveno-se-ljubi-s-kusturicom-u-njegovom-novom-filmu/4713920/,2016-09-21 03:13:43,178,28,3,161,2,1,9,3,2;
"133205716542_10154554988081543,""Svatko koga je lopta pogodila u glavu zna koliko je to bolno, no za jednog navijaèa to je bio najsretniji trenutak u životu."",NEVJEROJATNA NAVIJAÈKA PRIÈA OBIŠLA SVIJET Navijaèu spasila život lopta koja ga je pogodila u glavu: 'Ne mogu opisati koliko sam zahvalan',link,http://sportske.jutarnji.hr/hotsport/nevjerojatna-navijacka-prica-obisla-svijet-navijacu-spasila-zivot-lopta-koja-ga-je-pogodila-u-glavu-ne-mogu-opisati-koliko-sam-zahvalan/4713926/,2016-09-21 02:27:24,122,2,5,113,8,1,0,0,0";
133205716542_10154554891926543,[VIDEO] Malena Sky izvodi trikove kakvih se ne bi posramio niti Tony Hawk!,Nevjerojatna osmogodišnjakinja rastura skateboard,link,http://www.jutarnji.hr/viral/fun/video-nevjerojatna-osmogodisnjakinja-rastura-skateboard/4711193/,2016-09-21 01:40:30,35,3,3,31,3,1,0,0,0;
133205716542_10154554835086543,Toèka razdora.,OTKRIVAMO: TINJAJUÆI SUKOB U POZADINI IDILIÈNIH PREGOVORA O NOVOJ VLADI Most odbija bilo kakav dogovor o prepuštanju Ministarstva gospodarstva HDZ-u!,link,http://www.jutarnji.hr/vijesti/hrvatska/otkrivamo-tinjajuci-sukob-u-pozadini-idilicnih-pregovora-o-novoj-vladi-most-odbija-bilo-kakav-dogovor-o-prepustanju-ministarstva-gospodarstva-hdz-u/4713341/,2016-09-21 01:02:37,116,56,7,84,1,4,24,1,2;
133205716542_10154554680286543,Hoæe li slavni glumac utjehu nakon braènog brodoloma naæi u Lijepoj našoj?,BRAD PITT ÆE SE NAKON RAZVODA POSVETITI RAZVOJU ZABLAÆA? Na dan kad mu se raspao brak Šibenik mu odobrio gradnju vila vrijednih 2 mlrd. eura,link,http://www.jutarnji.hr/vijesti/hrvatska/brad-pitt-ce-se-nakon-razvoda-posvetiti-razvoju-zablaca-na-dan-kad-mu-se-raspao-brak-sibenik-mu-odobrio-gradnju-vila-vrijednih-2-mlrd.-eura/4712444/,2016-09-21 00:20:01,317,64,16,262,22,5,28,0,0;
"133205716542_10154554676391543,""'Neki me gledaju kao luðaka, ali ovdje æe se dogoditi život i obnova! Živim do kapelice u kojoj se molim Njemu koji mi daje snagu, a novca ima u fondovima EU i ministarstvima'"",TATA SLAVEN USELIO NA IMANJE NA KOJEM STVARA RAJ ZA DJECU S POSEBNIM POTREBAMA 'Ruševan dvorac Diosszenptal uz božju pomoæ preuredit æu u Grad anðela',link,http://www.jutarnji.hr/life/zivotne-price/tata-slaven-uselio-na-imanje-na-kojem-stvara-raj-za-djecu-s-posebnim-potrebama-rusevan-dvorac-diosszenptal-uz-bozju-pomoc-preuredit-cu-u-grad-andela/4712522/,2016-09-20 23:39:00,3792,54,132,3475,293,20,3,1,0";
"133205716542_10154554610186543,""Postali su pravi eldorado za IT kompanije, svoje graðane koji su odselili trbuhom za kruhom u inozemstvo mame natrag nudeæi im po 50.000 eura, plan im je postati deseta najjaèa ekonomija EU!"",KAKO JE SIMBOL KORUPCIJE I NEUSPJEHA POSTAO HIT DESTINACIJA ZA UNOSAN BIZNIS Rumunjska je na putu da postane europska Silicijska dolina!,link,http://www.jutarnji.hr/vijesti/svijet/kako-je-simbol-korupcije-i-neuspjeha-postao-hit-destinacija-za-unosan-biznis-rumunjska-je-na-putu-da-postane-europska-silicijska-dolina/4709699/,2016-09-20 22:36:34,87,6,7,79,6,1,1,0,0";
133205716542_10154554529371543,Je li i vama Alan Ford prirastao srcu?,ALAN FORD Humor je jaèi od nacionalizma ili kako je jedan neuspješni talijanski strip osvojio SFRJ,link,http://www.jutarnji.hr/kultura/art/alan-ford-humor-je-mocniji-od-nacionalizma/4710524/,2016-09-20 21:33:39,2972,93,107,2729,210,3,30,0,0;
"133205716542_10154554449706543,""Bivši predsjednik je progovorio i o pokretu kontroverznog vjerskog voðe, koji ga je pozvao na slet, a koji tvrdi da mu se prije više od 30 godina ukazao Isus Krist osobno: 'Nadam se da æe i u Hrvatskoj ovaj veliki pokret za mir pustiti svoje korijene!'"",JOSIPOVIÆ NAKON ŠTO MU JE U KOREJI FRENETIÈNO KLICALO ÈAK 100.000 LJUDI 'Ovo je bilo jedno od najveæih priznanja mojoj politici',link,http://www.jutarnji.hr/vijesti/hrvatska/josipovic-nakon-sto-mu-je-u-koreji-freneticno-klicalo-cak-100.000-ljudi-ovo-je-bilo-jedno-od-najvecih-priznanja-mojoj-politici/4709780/,2016-09-20 20:39:01,106,25,3,75,4,0,27,0,0";
"133205716542_10154554347006543,""Možda je teško za povjerovati, ali pokušajte sami :)"",OTKRIVENO JEDNOSTAVNO RJEŠENJE ZA DOSADU U VEZI Jedna sasvim obièna navika potaknut æe komunikaciju i otjerati monotoniju,link,http://www.jutarnji.hr/life/seks-i-veze/otkriveno-jednostavno-rjesenje-za-dosadu-u-vezi-jedna-sasvim-obicna-navika-potaknut-ce-komunikaciju-i-otjerati-monotoniju/4710938/,2016-09-20 19:24:24,49,4,3,46,2,0,1,0,0";
"133205716542_10154554185456543,Dvogodišnji je sinèiæ napušten ronio suze...,""POLICIJSKA FOTOGRAFIJA KOJA JE ŠOKIRALA CIJELU DRŽAVU Dok je mama partijala s frendicama, dijete je u zakljuèanom automobilu zapomagalo..."",link,http://www.jutarnji.hr/vijesti/svijet/policijska-fotografija-koja-je-sokirala-cijelu-drzavu-dok-je-mama-partijala-s-frendicama-dijete-je-u-zakljucanom-automobilu-zapomagalo.../4712783/,2016-09-20 18:11:56,997,186,96,371,9,7,2,230,378";
"133205716542_10154554051656543,""Rijeè je o lancu u vlasništvu jednog od najbogatijih Hrvata, a na zabavi su se pojavili i Ana Karamarko te brojni drugi ljudi iz javnog života"",""FOTO: GLAMUROZNA PROSLAVA U MUZEJU ZA UMJETNOST I OBRT Veliki party poznatog lanca parfumerija nisu propustili Renata Sopek, Ana Gruica, Ana Karamarko"",link,http://www.jutarnji.hr/spektakli/domace-zvijezde/foto-glamurozna-proslava-u-muzeju-za-umjetnost-i-obrt-veliki-party-poznatog-lanca-parfumerija-nisu-propustili-renata-sopek-ana-gruica-ana-karamarko/4713737/,2016-09-20 17:00:34,60,19,2,54,2,0,4,0,0";
133205716542_10154553985061543,Veliki marketinški trik!,RAZOREN JOŠ JEDAN MIT O PREHRANI NA KOJI SMO SVI NASJELI Kako su nas uvjerili da nam proteina nikada nije dosta!,link,http://www.jutarnji.hr/life/zdravlje/razoren-jos-jedan-mit-o-prehrani-na-koji-smo-svi-nasjeli-kako-su-nas-uvjerili-da-nam-proteina-nikada-nije-dosta/4709711/,2016-09-20 16:21:13,150,14,27,143,7,0,0,0,0;
"133205716542_10154553876481543,Govorili su mu da ga deložiraju zbog 'pastoralnih potreba',""'TO JE CRKVA, OÈEKUJEŠ NEKO MILOSRÐE, KAD ONO...' Zadarska nadbiskupija iz stana izbacila branitelja da bi izgradila vilu s apartmanima!"",link,http://www.jutarnji.hr/vijesti/hrvatska/to-je-crkva-ocekujes-neko-milosrde-kad-ono...-zadarska-nadbiskupija-iz-stana-izbacila-branitelja-da-bi-izgradila-vilu-s-apartmanima/4713101/,2016-09-20 15:37:32,329,117,37,168,3,3,10,53,92";
"133205716542_10154553754001543,Novi detalji o razvodu o kojem bruji cijeli svijet,""BRAD PITT PROGOVORIO O BRAÈNOM KRAHU 'Jako sam tužan...' OGLASIO SE I ANGELININ OTAC 'Užasno sam zabrinut, dogodilo se nešto jako ozbiljno'"",link,http://www.jutarnji.hr/spektakli/strane-zvijezde/brad-pitt-progovorio-o-bracnom-krahu-jako-sam-tuzan...-oglasio-se-i-angelinin-otac-uzasno-sam-zabrinut-dogodilo-se-nesto-jako-ozbiljno/4713455/,2016-09-20 14:54:41,237,44,2,202,2,2,4,26,1";
"133205716542_10154553656021543,""Hrabrost, upornost i veliki trud doveli su ga na sam vrh. Svaka èast!"",ÈUDESNA PRIÈA IZ ITALIJE Lijeènici su mu kazali da nikad neæe moæi hodati a on je juèer debitirao u Serie A: 'Ja sam veæ sada pobijedio!',link,http://sportske.jutarnji.hr/hotsport/cudesna-prica-iz-italije-lijecnici-su-mu-kazali-da-nikad-nece-moci-hodati-a-on-je-jucer-debitirao-u-serie-a-ja-sam-vec-sada-pobijedio/4712987/,2016-09-20 14:13:32,403,6,5,372,28,3,0,0,0";
133205716542_10154553584356543,Šokantna ispovijest dobre poznanice legendarnog Davida Bowieja,NOVI DETALJI O ŽIVOTU I SMRTI KULTNOG GLAZBENIKA 2 dana nakon objave zadnjeg albuma poèinio suicid?,link,http://www.jutarnji.hr/kultura/glazba/novi-detalji-o-zivotu-i-smrti-kultnog-glazbenika-zadnja-rezija-davida-bowieja-dva-dana-nakon-sto-je-objavio-posljednji-album-pocinio-samoubojstvo/4709471/,2016-09-20 13:37:11,48,11,3,41,1,1,1,4,0;
133205716542_10154553494986543,Stiglo važno upozorenje struènjaka,OPREZ! OPASNOST VREBA IZ NAJOMILJENIJIH NAPITAKA Zašeæerena i gazirana piæa još su štetnija ako ih pijete na ovaj naèin,link,http://www.jutarnji.hr/life/zdravlje/oprez-opasnost-vreba-iz-najomiljenijih-napitaka-zasecerena-i-gazirana-pica-jos-su-stetnija-ako-ih-pijete-na-ovaj-nacin/4711784/,2016-09-20 12:58:19,81,15,10,72,1,3,4,0,1;
"133205716542_10154553367521543,Velika tragedija,""CRNA GORA TUGUJE ZA JEDNOM OD NAJPOZNATIJIH LJEPOTICA U teškoj nesreæi poginula proslavljena manekenka, stradala u sudaru s kamionom"",link,http://www.jutarnji.hr/spektakli/strane-zvijezde/crna-gora-tuguje-za-jednom-od-najpoznatijih-ljepotica-u-teskoj-nesreci-poginula-proslavljena-manekenka-stradala-u-sudaru-s-kamionom/4712339/,2016-09-20 12:22:00,94,9,0,58,0,0,0,36,0";
133205716542_10154553348156543,Veliki zaokret èovjeka koji je juèer najavio da æe biti žestoka oporba kakva u Hrvatskoj još nije viðena,IZNENAÐUJUÆA ODLUKA NA PREDSJEDNIŠTVU HSS-a Krešo Beljak daje potpise Andreju Plenkoviæu!,link,http://www.jutarnji.hr/vijesti/hrvatska/iznenadujuca-odluka-na-predsjednistvu-hss-a-kreso-beljak-daje-potpise-andreju-plenkovicu/4712813/,2016-09-20 11:48:46,252,137,24,153,0,8,65,4,22;
"133205716542_10154553260501543,Navodno je angažirala i privatnog detektiva koji je Pitta raskrinkao kao preljubnika!,""PROCURILI PRAVI RAZLOZI ZA RAZVOD? 'Angelina je Bradu dala nogu jer je napušena protuha i ispièutura, nije mogla podnijeti da takav bude blizu djece'"",link,http://www.jutarnji.hr/spektakli/strane-zvijezde/procurili-pravi-razlozi-za-razvod-angelina-je-bradu-dala-nogu-jer-je-napusena-protuha-i-ispicutura-nije-mogla-podnijeti-da-takav-bude-blizu-djece/4712639/,2016-09-20 11:04:15,250,76,15,205,3,13,19,9,1";
133205716542_10154553132486543,Rijeè je o jednom od najupeèatljivijih prizora iz vremena Hitlerova uspona,PRKOSNO STOJI S PREKRIŽENIM RUKAMA Tko je èovjek s legendarne fotografije i kakva je njegova veza s Hrvatskom?,link,http://www.jutarnji.hr/vijesti/svijet/prkosno-stoji-s-prekrizenim-rukama-tko-je-covjek-s-legendarne-fotografije-i-kakva-je-njegova-veza-s-hrvatskom/4711889/,2016-09-20 10:22:24,423,38,16,381,9,3,2,24,4;
133205716542_10154553044316543,Kraj ljubavne idile,BRAÈNI KRAH NAJPOZNATIJEG HOLIVUDSKOG PARA Angelina Jolie podnijela zahtjev za razvod od Pitta i zatražila skrbništvo nad djecom,link,http://www.jutarnji.hr/spektakli/strane-zvijezde/bracni-krah-najpoznatijeg-holivudskog-para-tmz-angelina-jolie-podnijela-zahtjev-za-razvod-od-pitta-i-zatrazila-skrbnistvo-nad-djecom/4712507/,2016-09-20 09:47:07,233,52,16,175,6,14,7,30,1;
"133205716542_10154552960426543,U vježbi sudjeluju gotovo sve zemlje regije osim Srbije,""FOTO: HRVATSKA, AMERIKA I SAVEZNICI POKAZALI VOJNU SILU Na poligonu u Slunju održava se velika vojna vježba u kojoj sudjeluju i moæni lovci F-16"",link,http://www.jutarnji.hr/vijesti/hrvatska/foto-hrvatska-amerika-i-saveznici-pokazali-vojnu-silu-na-poligonu-u-slunju-odrzava-se-velika-vojna-vjezba-u-kojoj-sudjeluju-i-mocni-lovci-f-16/4712195/,2016-09-20 09:09:41,975,112,68,899,25,10,27,4,10";
"133205716542_10154552887121543,""'Ako vaše dijete dobije odliène ocjene na testu, veselite se, to je sjajno. Meðutim, ako ocjene ne budu dobre, molim vas, nemojte zbog njih potkopati samopouzdanje svom djetetu, nemojte samljeti njegovo dostojanstvo'."",NASTAVNICA POSLALA VAŽNU PORUKU Pismo oduševilo roditelje hrvatskih uèenika i postalo hit na društvenim mrežama,link,http://www.jutarnji.hr/viral/aww/nastavnica-poslala-vaznu-poruku-pismo-odusevilo-roditelje-hrvatskih-ucenika-i-postalo-hit-na-drustvenim-mrezama/4711907/,2016-09-20 08:31:09,1635,25,224,1549,81,0,1,0,4";
"133205716542_10154552783486543,""Doði na http://hangout.jutarnji.hr/ i postavi pitanje nekom od 11 slavnih sportaša, znanstvenika i umjetnika!"",Ekskluzivni video hangout,video,https://www.facebook.com/jutarnji.list/videos/10154552783486543/,2016-09-20 08:01:33,112,29,2,97,10,0,2,1,2";
"133205716542_10154552728021543,Druga strana krstarenja.,""'SVI SPAVAJU SA SVIMA, RADI SE 80 SATI TJEDNO, A NAPOJNICE NAM UZIMAJU' Krupje otkrio mraène tajne s dugih putovanja kruzera"",link,http://www.jutarnji.hr/life/zivotne-price/%E2%80%98svi-spavaju-sa-svima-radi-se-80-sati-tjedno-a-napojnice-nam-uzimaju%E2%80%99-krupje-otkrio-mracne-tajne-s-dugackih-putovanja-kruzera/4711724/,2016-09-20 07:11:58,797,77,69,660,15,26,13,28,55";
"133205716542_10154552642251543,[FOTO] U centru Zagreba.,""BI LI I VAS PAUK OVAKO POŠTEDIO? Dosjetljivi vozaè došao na ideju kako nepropisno parkirati, a da mu nitko ne dira automobil"",link,http://www.jutarnji.hr/vijesti/zagreb/foto-bi-li-i-vas-pauk-ovako-postedio-dosjetljivi-vozac-dosao-na-ideju-kako-nepropisno-parkirati-a-da-mu-nitko-ne-dira-automobil/4711580/,2016-09-20 06:25:03,405,35,9,332,10,1,59,2,1";
"133205716542_10154552579866543,""FOTO] Njezino pojavljivanje na dodjeli nagrada Emmy u nedjelju bilo je jedno od rijetkih na takvim dogaðajima, pa nije ni èudno da je bila u centru pažnje."",Sjeæate li se ove slatkice iz filma 'Moja djevojka'? Na društvenim mrežama zasuli je negativnim komentarima,link,http://www.jutarnji.hr/spektakli/strane-zvijezde/sjecate-li-se-ove-slatkice-iz-filma-moja-djevojka-na-drustvenim-mrezama-zasuli-je-negativnim-komentarima/4711427/,2016-09-20 05:55:44,83,12,0,78,3,0,1,1,0";
"133205716542_10154552482461543,""Originalna ideja Simona, kako ga pozdravljaju i prepoznaju turisti."",DOBAR POSAO U TURIZMU Kako je Zadranin Šime u kratkom vremenu stvorio tri radna mjesta i postao hit na Trip advisoru!,link,http://www.jutarnji.hr/vijesti/hrvatska/dobar-posao-u-turizmu-kako-je-zadranin-sime-u-kratkom-vremenu-stvorio-tri-radna-mjesta-i-postao-hit-na-trip-advisoru/4710485/,2016-09-20 05:05:55,772,31,43,739,33,0,0,0,0";
133205716542_10154552433226543,Bomba iz Maksimira!,NOVI TRENER U LISTOPADU Dinamo èeka otkaz trenera koji je zaludio cijelu Englesku,link,http://sportske.jutarnji.hr/nogomet/hnl/potraga-za-trenerom-zavrsit-ce-u-listopadu-informator-je-pustio-bajku-dinamo-ceka-otkaz-trenera-koji-je-zaludio-cijelu-englesku/4709885/,2016-09-20 04:27:56,151,35,4,142,5,1,2,1,0;
133205716542_10154552388686543,[FOTO] Seksi u svakoj prilici.,'TAKO SE ZA ŠKOLU NE OBLAÈI' Roditelji se okomili na Nives zbog dekoltea s kojim je došla na roditeljski sastanak,link,http://www.jutarnji.hr/spektakli/domace-zvijezde/tako-se-za-skolu-ne-oblaci-roditelji-se-okomili-na-nives-zbog-dekoltea-s-kojim-je-dosla-na-roditeljski-sastanak/4710512/,2016-09-20 03:49:44,466,199,5,409,14,4,32,2,5;
133205716542_10154552342636543,Najmraènija tajna tvornice snova.,NOVI SKANDAL TRESE HOLLYWOOD Holivudski glumac s A liste i miljenik publike je pedofil koji je 80-ih godina silovao djeèju zvijezdu?,link,http://www.jutarnji.hr/spektakli/strane-zvijezde/novi-skandal-trese-hollywood-holivudski-glumac-s-a-liste-i-miljenik-publike-je-pedofil-koji-je-80-ih-godina-silovao-djecju-zvijezdu/4710380/,2016-09-20 03:20:06,57,9,4,47,1,0,1,1,7;
"133205716542_10154552324941543,""U hangout sudjeluju voditelji Ida Prester i Robert Knjaz, znanstvenici Ivan Ðikiæ i Slobodan Vukièeviæ, olimpijci Filip Hrgoviæ, Mihovil Španja, Šime Fantela i Igor Mareniæ, pjevaèica Danijela Martinoviæ, teen zvijezda Mia Negovetiæ i poznati chef Mate Jankoviæ. ";
"Dovoljno je samo da se registrirate na hangout.jutarnji.hr preko Facebooka i ukljuèite u hangout kako biste mogli postaviti pitanje."",""JOŠ SAMO NEKOLIKO SATI DO EKSKLUZIVNOG HANGOUTA: Što Hrgoviæ, Ðikiæ, Danijela, Knjaz i Mia Negovetiæ rade zajedno? Ukljuèite se i pogledajte"",link,http://hangout.jutarnji.hr/clanci/jos-samo-nekoliko-sati-do-ekskluzivnog-hangouta-sto-hrgovic-djikic-danijela-knjaz-i-mia-negovetic-rade-zajedno-ukljucite-se-i-pogledajte/,2016-09-20 03:04:23,15,7,0,15,0,0,0,0,0";
"133205716542_10154552263186543,Pala cijena kvadrata.,""SLABA KUPOVNA MOÆ, SLABIJA POTRAŽNJA Pala cijena novogradnji, stanovi se prodaju za èak 11 posto jeftinije nego prošle godine"",link,http://www.jutarnji.hr/vijesti/hrvatska/slaba-kupovna-moc-slabija-potraznja-pala-cijena-novogradnji-stanovi-se-prodaju-za-cak-11-posto-jeftinije-nego-prosle-godine/4710362/,2016-09-20 02:38:26,139,22,4,133,2,0,4,0,0";
"133205716542_10154552199676543,""U krugu novog HDZ-ova šefa, kako doznajemo, prilièno su ljuti na ministra kulture, spoèitavaju mu da šteti stranci, a prièa s mjestom potpredsjednika Sabora vjerojatno je trebala umiriti trzavice meðu njima."",""Hasanbegoviæ potpredsjednik Sabora? 'Nije on nerazuman, a i donio je puno glasova HDZ-u na izborima'"",link,http://www.jutarnji.hr/vijesti/hrvatska/hasanbegovic-potpredsjednik-sabora/4709810/,2016-09-20 02:15:15,130,64,6,88,4,2,4,11,21";
"133205716542_10154552158321543,""Nakon odlièno odigranog Eura, bivši kapetan Vatrenih je uvjerio sve promatraèe kako je sposoban igrati još neko vrijeme na visokoj razini. Fizièki je u odliènom stanju, motivacije mu ne manjka, a iskustva ima napretek."",""ZNAÈAJNI HRVAT JE 'VEZA' SRNE I VELIKANA Legendarni kapetan veæ je prièao s ljudima iz Barcelone, pitanje je jedno: Hoæe li oni uvažiti njegovu želju?"",link,http://sportske.jutarnji.hr/nogomet/transferi/znacajni-hrvat-je-veza-srne-i-velikana-legendarni-kapetan-vec-je-pricao-s-ljudima-iz-barcelone-pitanje-je-jedno-hoce-li-oni-uvaziti-njegovu-zelju/4709909/,2016-09-20 01:49:29,160,1,1,154,5,1,0,0,0";
"133205716542_10154552118226543,""""""Svaki graðanin ima pravo biti nezadovoljan programom, osobito kad HRT gubi gledanost, ali to nezadovoljstvo ne rješava se tako da uništite èitav javni servis, veæ da ga popravite, a predloženo smanjenje pretplate neæe popraviti ništa, dapaèe, upropastit æe svaku moguænost popravka"""", smatra Hribar."",""HRT, HAVC i ZAMP SLOŽNI 'Smanjenje pretplate dovelo bi do 300-400 otkaza, ukinuli bi se HRT3 i HRT4'"",link,http://www.jutarnji.hr/vijesti/hrvatska/hrt-havc-i-zamp-slozni-smanjenje-pristojbe-unistilo-bi-domacu-kulturnu-i-kreativnu-industriju/4710056/,2016-09-20 01:21:09,680,790,37,433,18,4,133,4,88";
"133205716542_10154552070196543,""Barbara Novosel našla je djeèaka nasred ceste. Ležao je, tresao se i grèio. Brzo je reagirala, a Marko Rak danas se  uspješno oporavlja."",""VELIKO DJELO HRABRE CURICE IZ VELIKE GORICE Marko (12): 'Spasila mi je život!'";" Barbara (11): 'Jesam, ali nije to ništa posebno'"",link,http://www.jutarnji.hr/vijesti/hrvatska/veliko-djelo-hrabre-curice-iz-velike-gorice-marko-12-spasila-mi-je-zivot-barbara-11-jesam-ali-nije-to-nista-posebno/4709591/,2016-09-20 00:45:29,5381,102,111,4851,516,11,0,3,0"
"133205716542_10154551960941543,Misterij na dnu Sredozemnog mora,""KOSTUR STAR 2000 GODINA PRONAÐEN NA POTONULOM BRODU U MEDITERANU 'Ovo je nezabilježeno, nikad nismo vidjeli nešto tako oèuvano'"",link,http://www.jutarnji.hr/life/znanost/kostur-star-2000-godina-pronaden-na-potonulom-brodu-u-mediteranu-ovo-je-nezabiljezeno-nikad-nismo-vidjeli-nesto-tako-ocuvano/4709771/,2016-09-20 00:15:00,104,9,4,96,2,6,0,0,0";
133205716542_10154549499031543,Vrijeme je za gastro klasike,Dobra hrana,video,https://www.facebook.com/dobrahrana.hr/videos/1083594095062826/,2016-09-19 23:04:00,300,10,0,287,8,4,0,0,1;
"133205716542_10154551775756543,""Roðena Zagrepèanka, majstorica starog kova, prisjetila se svojih slavnih dana, kada je frizirala ne samo Titovu suprugu, nego i najveæe pjevaèke i televizijske zvijezde bivše Jugoslavije"",""ŽIVOTNA PRIÈA ŽENE ZLATNIH RUKU Umirovljena frizerka Jovanke Broz: 'Ona je pila limunadu, ja sam potegnula pivo, a onda sam joj napravila punðu'"",link,http://www.jutarnji.hr/life/moda-i-ljepota/zivotna-prica-zene-zlatnih-ruku-umirovljena-frizerka-jovanke-broz-ona-je-pila-limunadu-ja-sam-potegnula-pivo-a-onda-sam-joj-napravila-pundu/4709804/,2016-09-19 22:07:20,367,10,6,354,2,6,5,0,0";
"133205716542_10154551694086543,Nevjerojatna prièa gospoðe Nediljke iz Zaprešiæa kojoj su na kraju odstranili dojke,""'Doktor mi je rekao da je sve u redu, da doðem opet za dvije godine, ali nešto mi nije dalo mira. Tražila sam drugo mišljenje i otkrili su mi rak...'"",link,http://www.jutarnji.hr/life/zdravlje/doktor-mi-je-rekao-da-je-sve-u-redu-da-dodem-opet-za-dvije-godine-ali-nesto-mi-nije-dalo-mira.-trazila-sam-drugo-misljenje-i-otkrili-su-mi-rak.../4707341/,2016-09-19 21:08:36,228,21,25,178,12,0,0,36,2";
"133205716542_10154551575751543,""Iz amerièke savezne države Wisconsin stižu fascinantne snimke boènog porinuæa novog ratnog broda.";
;
"Više detalja i snimku u 360 stupnjeva pogledajte na http://bit.ly/2d3HWAX"",,video,https://www.facebook.com/jutarnji.list/videos/10154551575751543/,2016-09-19 19:59:32,802,20,40,736,9,49,5,2,1";
"133205716542_10154551497866543,""'Prostor je strašno zaudarao, u njemu su se namnožili kukci i izgledao je katastrofalno. Kao iz horor filmova', isprièala nam je vlasnica"",NEVJEROJATNA TRANSFORMACIJA Od derutne sobe do funkcionalne garsonijere od 25 kvadrata u Varaždinu,link,http://www.jutarnji.hr/domidizajn/interijeri/od-derutne-sobe-do-funkcionalne-garsonijere-od-25-kvadrata-u-varazdinu/4705283/,2016-09-19 19:05:39,290,7,13,276,9,5,0,0,0";
"133205716542_10154551313376543,""'Nikada se nisam loše osjeæala jer nisam iskusila majèinstvo. Nikada nisam osjetila ni traèak majèinskog instinkta', rekla nam je Mirela Holy"",""NISU MAJKE I ZATO IH DRUŠTVO OSUÐUJE: ŽENE BEZ DJECE VRIJEDE MANJE?! Napadaju ih da su sebiène, okupirane karijerom, da ne žele preuzeti odgovornost"",link,http://www.jutarnji.hr/life/obitelj-i-djeca/nisu-majke-i-zato-ih-drustvo-osuduje-zene-bez-djece-vrijede-manje-napadaju-ih-da-su-sebicne-okupirane-karijerom-da-ne-zele-preuzeti-odgovornost/4707293/,2016-09-19 17:51:24,769,270,59,607,9,4,5,56,88";
"133205716542_10154551221651543,Naveo je svojevrsnih 'sedam smrtnih grijeha',""ZGROŽENI SVEÆENIK O VJENÈANJIMA U DALMACIJI 'U crkvu donose rakiju, mladenke dolaze polugole, pijani se dovikuju, a nakon obreda skroz podivljaju...'"",link,http://www.jutarnji.hr/vijesti/hrvatska/zgrozeni-svecenik-o-vjencanjima-u-dalmaciji-u-crkvu-donose-rakiju-mladenke-dolaze-polugole-pijani-se-dovikuju-a-nakon-obreda-skroz-podivljaju.../4709945/,2016-09-19 16:50:01,1765,248,170,1521,12,10,114,93,15";
133205716542_10154551132646543,Sad se napokon sve zna!,NAJVEÆA LEGENDA INTERA OTKRILA BROZOVIÆEV KRIMEN Ovo je konaèni razlog zašto je veznjak Vatrenih izbaèen iz momèadi!,link,http://sportske.jutarnji.hr/nogomet/nogomet-mix/najveca-legenda-intera-otkrila-brozovicev-krimen-ovo-je-konacni-razlog-zasto-je-veznjak-vatrenih-izbacen-iz-momcadi/4709762/,2016-09-19 16:00:36,77,6,0,77,0,0,0,0,0;
"133205716542_10154551020361543,Uznemirujuæa snimka iz Španjolske,""FATALAN SUDAR GLAVAMA U ARENI Dva bika teška pola tone zabili su se jedan u drugog, prevalili na leða i na mjestu uginuli"",link,http://www.jutarnji.hr/viral/uznemirujuci-video-fatalan-sudar-glavama-u-areni-dva-bika-teska-pola-tone-zabili-su-se-jedan-u-drugog-prevalili-na-leda-i-na-mjestu-uginuli/4709732/,2016-09-19 15:09:59,281,36,19,190,3,8,6,52,22";
133205716542_10154550936181543,Svaka èast! :),BEZ PREDRASUDA I BARIJERA Rijeèki HNK zaposlio dvojicu mladiæa s Downovim sindromom: 'Leo i Goran jedva èekaju novu kazališnu premijeru',link,http://www.jutarnji.hr/vijesti/hrvatska/bez-predrasuda-i-barijera-rijecki-hnk-zaposlio-dvojicu-mladica-s-downovim-sindromom-leo-i-goran-jedva-cekaju-novu-kazalisnu-premijeru/4709735/,2016-09-19 14:39:39,1372,19,15,1293,78,1,0,0,0;
"133205716542_10154550802891543,""'Kroz prozor sam susjeda preklinjala da zove policiju, nije htio, rekao mi je da sam si sama kriva...', prisjeæa se 40-godišnja Paula"",""POTRESNA ISPOVIJEST ŽRTVE OBITELJSKOG NASILJA 'Nije mi dao da idem na posao, držao me zakljuèanu danima bez hrane...'"",link,http://www.jutarnji.hr/vijesti/crna-kronika/potresna-ispovijest-zrtve-obiteljskog-nasilja-nije-mi-dao-da-idem-na-posao-drzao-me-zakljucanu-danima-bez-hrane.../4709741/,2016-09-19 14:02:34,137,21,5,84,1,1,0,26,25";
"133205716542_10154550668581543,Neopisiva tuga,""SLAVONIJA OPLAKUJE OMILJENOG MLADIÆA Ivan (23) je nedavno otišao raditi u Njemaèku, vratio se na svadbu, a onda ga je pregazio automobil..."",link,http://www.jutarnji.hr/vijesti/crna-kronika/slavonija-oplakuje-omiljenog-mladica-ivan-23-je-nedavno-otisao-raditi-u-njemacku-vratio-se-na-svadbu-a-onda-ga-je-pregazio-automobil.../4709366/,2016-09-19 13:12:00,882,64,18,481,2,0,0,391,8";
"133205716542_10154550563266543,""Vrijednost investicije je èak 2,3 milijarde eura!"",VIDEO: NAJVEÆI TURISTIÈKI KOMPLEKS NA BALKANU Na obroncima Bjelašnice nièe superluksuzni resort namijenjen bogatoj arapskoj klijenteli,link,http://www.jutarnji.hr/vijesti/svijet/video-najveci-turisticki-kompleks-na-balkanu-na-obroncima-bjelasnice-nice-superluksuzni-resort-namijenjen-bogatoj-arapskoj-klijenteli/4709606/,2016-09-19 12:25:20,311,34,19,281,1,14,1,1,13";
133205716542_10154550427691543,Spolna se želja uz ovo može utrostruèiti!,UZ MALU PROMJENU DO PUNO BOLJEG SEKSA Ova krajnje jednostavna stvar radikalno æe poveæati požudu kod muškaraca,link,http://www.jutarnji.hr/life/zdravlje/uz-malu-promjenu-do-puno-boljeg-seksa-ova-krajnje-jednostavna-stvar-radikalno-ce-povecati-pozudu-kod-muskaraca/4709135/,2016-09-19 11:40:29,56,12,1,49,2,0,5,0,0;
133205716542_10154550310441543,Strava u Meðimurju: Kæeri su nakon svega završile s teškim psihièkim tegobama,7 GODINA PAKLA: MONSTRUOZNI OTAC GODINAMA SILOVAO TRI MALOLJETNE KÆERI Djevojèicama je prijetio da æe ih zatuæi,link,http://www.jutarnji.hr/vijesti/crna-kronika/7-godina-pakla-monstruozni-otac-godinama-silovao-tri-maloljetne-kceri-djevojcicama-je-prijetio-da-ce-ih-zatuci-zbog-svega-imaju-psihicke-smetnje/4709426/,2016-09-19 11:00:34,516,246,12,180,1,4,1,122,208;
"133205716542_10154550165496543,Nevjerojatna prièa o zadarskoj obitelji koju crkva želi deložirati iz stana u kojem živi veæ gotovo 50 godina,""'Ni sveæenik nam nije htio doæi blagosloviti kuæu, a sad su došli s odvjetnikom i žele nas izbaciti na ulicu!'"",link,http://www.jutarnji.hr/vijesti/hrvatska/ni-svecenik-nam-nije-htio-doci-blagosloviti-kucu-a-sad-su-dosli-s-odvjetnikom-i-zele-nas-izbaciti-na-ulicu/4709120/,2016-09-19 10:19:47,142,64,12,74,1,1,1,33,32";
"133205716542_10154550098911543,""'Zajedno smo Rijeka', poruèili su"",FOTO: ZANIMLJIVO DRUŠTVO SLAVILO VELIKU POBJEDU RIJEKE NA RUJEVICI Željko Jovanoviæ likovao u zagrljaju s glumaèkom legendom,link,http://www.jutarnji.hr/sport/nogomet/foto-zanimljivo-drustvo-slavilo-veliku-pobjedu-rijeke-na-rujevici-zeljko-jovanovic-likovao-u-zagrljaju-s-glumackom-legendom-to-je-nogomet/4709288/,2016-09-19 09:53:56,366,112,12,313,15,1,12,3,22";
"133205716542_10154550032161543,""Èitav je Otok, kažu neki, umirao od smijeha"",VIDEO: Evo kako su se nogometaši Watforda sprdali sa zvijezdom Manchester Uniteda,link,http://sportske.jutarnji.hr/nogomet/premiership/video-citav-otok-umirao-od-smijeha-evo-kako-su-se-nogometasi-watforda-sprdali-sa-zvijezdom-manchester-uniteda/4708361/,2016-09-19 09:23:06,173,7,1,163,2,0,8,0,0";
133205716542_10154549901961543,Oni s iznadprosjeènim plaæama imaju najviše razloga za slavlje,IZRAÈUNALI SMO: Što æe vam donijeti život pod HDZ-om?,link,http://www.jutarnji.hr/vijesti/hrvatska/izracunali-smo-sto-ce-vam-donijeti-zivot-pod-hdz-om-hoce-li-porezna-reforma-podebljati-obiteljske-budzete-i-tko-ce-najvise-profitirati/4707074/,2016-09-19 08:53:01,192,179,18,124,2,3,23,8,32;
133205716542_10154549879161543,Moguæe je smanjiti opasnost od pretilosti za èak 70 posto,NAJLAKŠI MOGUÆI RECEPT ZA MRŠAVLJENJE Amerièki znanstvenici imaju sjajne vijesti: 'Dovoljne su vam samo dvije èaše na dan...',link,http://www.jutarnji.hr/life/zdravlje/najlaksi-moguci-recept-za-mrsavljenje-americki-znanstvenici-imaju-sjajne-vijesti-dovoljne-su-vam-samo-dvije-case-na-dan.../4707767/,2016-09-19 08:22:50,125,36,39,118,0,5,2,0,0;
133205716542_10154549778536543,Noæ koja joj je promijenila život,SHARON STONE NAKON 15 GODINA PROGOVORILA O KOBNOJ NOÆI 'Vidjela sam bijelu svjetlost i prijatelje koji su odavno preminuli...',link,http://www.jutarnji.hr/spektakli/strane-zvijezde/sharon-stone-nakon-15-godina-progovorila-o-kobnoj-noci-vidjela-sam-bijelu-svjetlost-i-prijatelje-koje-su-odavno-preminuli.../4707968/,2016-09-19 07:37:15,273,17,10,259,11,1,2,0,0;
"133205716542_10154549706691543,""Situacija sve napetija, u nedjelju bi se trebao održati referendum koji bi dobrano uzdrmao ionako porozne temelje jedinstvene Bosne i Hercegovine"",""Dodik ne odustaje i u cijelu prièu gura Hrvate, sudbina referenduma u Republici Srpskoj je u Putinovim rukama?"",link,http://www.jutarnji.hr/vijesti/svijet/dodik-ne-odustaje-i-u-cijelu-pricu-gura-hrvate-sudbina-referenduma-u-republici-srpskoj-je-u-putinovim-rukama/4708712/,2016-09-19 06:59:31,168,85,10,127,4,3,12,4,18";
"133205716542_10154549657841543,Spašavaj što se može spasiti :),""FOTO: VJETAR UNIŠTIO ROMANTIKU Lijepu djevojku val je iznenadio, a on je htio pomoæi... Bolje da nije!"",link,http://www.jutarnji.hr/vijesti/hrvatska/foto-vjetar-unistio-romantiku-lijepu-djevojku-val-je-iznenadio-a-on-je-htio-pomoci...-bolje-da-nije/4708367/,2016-09-19 06:27:23,123,6,1,105,0,5,13,0,0";
133205716542_10154549618291543,Engleski dvor baš i nije oduševljen iznenanadnim 'izlaskom iz ormara',Prvi èlan kraljevske obitelji koji je priznao da je gay: 'Moje kæeri su prihvatile da njihov tata ima deèka',link,http://www.jutarnji.hr/spektakli/strane-zvijezde/prvi-clan-kraljevske-obitelji-koji-je-priznao-da-je-gay-moje-kceri-su-prihvatile-da-njihov-tata-ima-decka/4708043/,2016-09-19 06:02:40,100,27,3,86,1,1,12,0,0;
"133205716542_10154549587586543,""Vlasti šokirale: 'Ma kakvih 100.000, umrlo je samo 19 ljudi!'"",NAJGORA EKOLOŠKA KATASTROFA U POVIJESTI UZ PREŠUTNI BLAGOSLOV VLASTI 'Samo prošle godine umrlo je više od 100.000 ljudi!',link,http://www.jutarnji.hr/vijesti/svijet/najgora-ekoloska-katastrofa-u-povijesti-uz-presutni-blagoslov-vlasti-samo-prosle-godine-umrlo-je-vise-od-100.000-ljudi/4707782/,2016-09-19 05:43:55,50,2,5,38,2,0,0,10,0";
"133205716542_10154549515961543,""Kupci u nevjerici: 'Nismo vjerovali, ali sada smo se uvjerili da stvarno postoji!'"",""ÈOKOLADA ZA 1,5 KUNA, KAVA ZA 8 I NAPOLITANKE ZA 6 KUNA Svi su oduševljeni najjeftinijom trgovinom u Hrvatskoj"",link,http://www.jutarnji.hr/vijesti/zagreb/cokolada-za-15-kuna-kava-za-8-i-napolitanke-za-6-kuna-svi-su-odusevljeni-najjeftinijom-trgovinom-u-hrvatskoj/4707176/,2016-09-19 05:04:41,3154,129,166,3004,90,54,3,2,1";
"133205716542_10154549426901543,Pivo doslovno teèe iz fontane!,""ZABORAVITE MÜNCHEN, PRAVI OKTOBERFEST SE ODRŽAVA U HRVATSKOM SUSJEDSTVU Popili 10.000 krigli piva u samo dva tjedna"",link,http://www.jutarnji.hr/life/putovanja/zaboravite-m%C3%BCnchen-pravi-oktoberfest-se-odrzava-u-hrvatskom-susjedstvu-popili-10.000-krigli-piva-u-samo-dva-tjedna/4708016/,2016-09-19 04:34:00,242,15,8,235,5,1,1,0,0";
133205716542_10154549407851543,Èovjek na èovjeku...,FOTOGRAFIJE KOJE NAJBOLJE SVJEDOÈE O PRENAPUÈENOSTI KINE Zapeli ste u prometnoj gužvi? Pogledajte ove bizarne fotke i bit æe vam lakše...,link,http://www.jutarnji.hr/vijesti/svijet/fotografije-koje-najbolje-svjedoce-o-prenapucenosti-kine-zapeli-ste-u-prometnoj-guzvi-pogledajte-ove-bizarne-fotke-i-bit-ce-vam-lakse.../4707551/,2016-09-19 04:09:18,121,16,14,103,3,11,2,1,1;
"133205716542_10154549385216543,""Samo na Jutarnjem, sutra u 15 sati možete porazgovarati i postavljati pitanja našim slavnim sportašima, znanstvenicima i umjetnicima"",MILIJUNI LJUDI OBOŽAVAJU VIDEO POZIV I CHAT Ukljuèite se i vi u ekskluzivni hangout s velikim hrvatskim zvijezdama,link,http://hangout.jutarnji.hr/clanci/milijuni-ljudi-obozavaju-video-poziv-i-chat-ukljucite-se-i-vi-u-ekskluzivni-hangout-s-velikim-hrvatskim-zvijezdama/,2016-09-19 03:51:11,344,24,3,337,1,0,6,0,0";
"133205716542_10154549329131543,""'Fino nam je tu, postat æemo Srbi. Ali æe se zvati Ljubiša, a ja Zoki'"",""JUTARNJI U MJESTU KRAJ HRVATSKE GRANICE GDJE NE PODNOSE MIGRANTE Graðani ih ne vole, ali oni se ne predaju"",link,http://www.jutarnji.hr/vijesti/svijet/jutarnji-u-mjestu-kraj-hrvatske-granice-gdje-ne-podnose-migrante-gradani-ih-ne-vole-ali-oni-se-ne-predaju/4707137/,2016-09-19 03:08:04,147,29,3,113,5,2,11,9,7";
"133205716542_10154549248496543,Slava ga uništila i bacila u depresiju,""ŽIVOTNI PAD ÈOVJEKA KOJI JE S JEDNOM PJESOM ZALUDIO SVIJET Zaradio milijune pa nestao: 'Kad sam sretan pijem, kad sam tužan pijem'"",link,http://www.jutarnji.hr/spektakli/strane-zvijezde/zivotni-pad-covjeka-koji-je-s-jednom-pjesom-zaludio-svijet-zaradio-milijune-pa-nestao-kad-sam-sretan-pijem-kad-sam-tuzan-pijem/4707506/,2016-09-19 02:30:09,469,22,16,403,3,5,23,35,0";
133205716542_10154549166511543,Mislite li da je došao kraj Dinamovoj dominaciji?,MODRA SVLAÈIONICA U ŠOKU Kapetan shrvan nakon 'petarde' na Rujevici: 'Ne znam kad sam se ovako zadnji put osjeæao',link,http://sportske.jutarnji.hr/nogomet/hnl/modra-svlacionica-u-soku-kapetan-shrvan-nakon-petarde-na-rujevici-ne-znam-kad-sam-se-ovako-zadnji-put-osjecao/4707512/,2016-09-19 02:14:01,190,44,2,171,3,0,16,0,0;
133205716542_10154549137146543,Raste napetost,VRH HDZ-a GUBI STRPLJENJE JER HASANBEGOVIÆ VODI KAMPANJU ZA OSTANAK NA MJESTU MINISTRA 'Ponaša se kao da je osobno osvojio izbore',link,http://www.jutarnji.hr/vijesti/hrvatska/vrh-hdz-a-gubi-strpljenje-jer-hasanbegovic-vodi-kampanju-za-ostanak-na-mjestu-ministra-ponasa-se-kao-da-je-osobno-osvojio-izbore/4707113/,2016-09-19 01:38:02,298,158,16,194,6,3,68,4,23;
133205716542_10154548210036543,Bivšem predsjedniku pljeskalo je sto tisuæa ljudi na skupu koji je organizirao jedan poprilièno bizaran èovjek :),OVAKO NEŠTO NIKAD NIJE DOŽIVIO Neobièna vjerska skupina priredila frenetièan doèek Ivi Josipoviæu,link,http://www.jutarnji.hr/vijesti/svijet/ovako-nesto-nije-dozivio-ni-kad-je-bio-na-vrhuncu-popularnosti-korejska-kontroverzna-vjerska-skupina-priredila-frenetican-docek-ivi-josipovicu/4707050/,2016-09-19 00:44:00,118,19,3,89,1,0,27,1,0;
"133205716542_10154548282081543,""Njihov novi saborski zastupnik takoðer tvrdi: 'Sinèiæeva žena èesto se dere na njega da je debil, a on samo šuti...'"",NOVE OPTUŽBE 'Kako su se vodeæi ljudi Živog zida našli na tajnom sastanku sa Zoranom Milanoviæem',link,http://www.jutarnji.hr/vijesti/hrvatska/hrvoje-runtic-nazvala-me-vladimira-palfi-da-mi-se-pohvali-da-su-bili-na-rucku-sa-zokijem.-kojim-zokijem-pa-koliko-ima-zokija/4706663/,2016-09-18 23:56:00,153,80,8,102,3,6,39,1,2";
133205716542_10154548279061543,Tužan epilog jednog politièkog fenomena,'Imam objašnjenje kako su iz Živog zida navukli 117 tisuæa lakovjernih graðana da im daju glas',link,http://www.jutarnji.hr/vijesti/hrvatska/ante-tomic-imam-objasnjenje-kako-su-to-ljudi-iz-zivog-zida-navukli-117-tisuca-lakovjernih-gradana-da-im-daju-glas.../4705622/,2016-09-18 23:00:00,668,194,54,526,9,10,96,7,20;
"133205716542_10154548272326543,Najteži dani :(,""ŽIVOT NE PRESTAJE UDARATI SLAVNU PJEVAÈICU Rak joj je uzeo muža i brata, a sada je teška bolest napala i njezinu sestru: 'Ima 40 kg, bori se za život'"",link,http://www.jutarnji.hr/spektakli/strane-zvijezde/zivot-ne-prestaje-udarati-slavnu-pjevacicu-rak-joj-je-uzeo-muza-i-brata-a-sada-je-teska-bolest-napala-i-njezinu-sestru-ima-40-kg-bori-se-za-zivot/4706954/,2016-09-18 21:58:00,215,15,6,105,2,1,0,106,1";
"133205716542_10154548238106543,""[PIŠE ELLA DVORNIK] Zamisli da kad uðeš u kafiæ da te ljudi gledaju sa znatiželjom, a ne s osudom. Zamisli da možeš upoznati djevojku, koja ne zna s kojim djevojkama si bio prije, koju neæe to zanimati, koju æeš zanimati samo ti..."",""Ako ostaneš tu gdje jesi, uvijek æeš biti ono što drugi misle o tebi. Ako odeš, bit æeš što god zamisliš"",link,http://www.jutarnji.hr/komentari/ella-dvornik-ako-ostanes-tu-gdje-jesi-uvijek-ces-biti-ono-sto-drugi-misle-o-tebi.-ako-odes-bit-ces-sto-god-zamislis/4705841/,2016-09-18 21:03:00,1031,46,55,992,35,4,0,0,0";
133205716542_10154548234276543,To se zove dvostruka zaštita! :),SAKRILI SE OD KIŠE I POSTALI HIT NA DRUŠTVENIM MREŽAMA Pljusak u Solinu natjerao ljude da postanu kreativni,link,http://www.jutarnji.hr/viral/fun/foto-sakrili-se-od-kise-i-postali-hit-na-drustvenim-mrezama-pljusak-u-solinu-natjerao-ljude-da-postanu-kreativni/4707404/,2016-09-18 20:03:00,729,18,2,658,12,3,56,0,0;
"133205716542_10154548212586543,[VIDEO] Pogledajte remek-djelo našeg majstora,""FIRENZA U DELIRIJU, FANTASTIÈAN POTEZ HRVATA PRESUDIO VELIKANU Milan Badelj sjajnim pogotkom srušio Romu!"",link,http://sportske.jutarnji.hr/nogomet/video-firenza-u-deliriju-fantastican-potez-hrvata-presudio-velikanu-milan-badelj-sjajnim-pogotkom-srusio-romu/4707395/,2016-09-18 19:07:00,206,1,3,206,0,0,0,0,0";
"133205716542_10154548230771543,Èak je i dio proizvoðaèa pseæe hrane prestao prodavati prirodne kosti za pse. Rizik je prevelik...,""BACATE KOSTI SVOJEM PSU? PRESTANITE, HITNO! Najugledniji veterinari objavili su krajnje ozbiljno upozorenje"",link,http://www.jutarnji.hr/life/vaumijau/bacate-kosti-svojem-psu-prestanite-hitno-najugledniji-veterinari-objavili-su-krajnje-ozbiljno-upozorenje/4706612/,2016-09-18 18:17:00,160,68,32,146,1,6,7,0,0";
133205716542_10154548241461543,Nakon odlaska legende veæ se zna i tko bi trebao postati novi trener...,CICO SE U SUZAMA OPROSTIO OD NAVIJAÈA Otkrivamo tko je prvi favorit za njegovog nasljednika!,link,http://sportske.jutarnji.hr/nogomet/nogomet-mix/cico-se-sa-suzama-oprostio-od-navijaca-i-postao-bivsi-tko-je-sljedeci-deklarirani-dinamovac-i-nekadasnji-kapetan-juniora-dinama-postaje-novi-trener/4707434/,2016-09-18 17:14:39,317,66,7,283,4,2,22,6,0;
133205716542_10154548172526543,Senzacija u poznatom nacionalnom parku,Mnoštvo ljudi želi vidjeti jednu od najrjeðih životinja na svijetu za koju se mislilo da je izumrla,link,http://www.jutarnji.hr/viral/aww/foto-senzacija-u-poznatom-nacionalnom-parku-mnostvo-ljudi-zeli-vidjeti-jednu-od-najrjedih-zivotinja-na-svijetu-za-koju-se-mislilo-da-je-izumrla/4707014/,2016-09-18 16:40:37,151,14,2,140,6,0,0,4,1;
133205716542_10154548065661543,[VIDEO] Najvažniji trenuci utakmice koja æe se dugo pamtiti!,LUDA VEÈER NA RUJEVICI Pogledajte svih sedam golova s velikog derbija Rijeke i Dinama,link,http://sportske.jutarnji.hr/nogomet/hnl/foto-video-dinamo-je-nokautiran-i-ponizen-na-rujevici-pet-komada-pet-komada-odzvanja-rijekom-zlatko-kranjcar-je-dotucen.../4705628/,2016-09-18 16:03:04,359,14,10,330,16,2,8,0,3;
"133205716542_10154547943006543,""Magistra je ekonomije, ima svoju tvrtku, a što mislite, u kojoj je stranci?"",""PREDSTAVLJAMO VAM NAJLJEPŠU HRVATSKU POLITIÈARKU Tek joj je 29 godina, a iza nje su veæ brojni uspješni društveni i poslovni pothvati..."",link,http://www.jutarnji.hr/vijesti/hrvatska/predstavljamo-vam-najljepsu-hrvatsku-politicarku-tek-joj-je-29-godina-a-iza-nje-su-vec-brojni-uspjesni-drustveni-i-poslovni-pothvati.../4705652/,2016-09-18 15:14:25,822,79,8,784,13,3,20,1,1";
133205716542_10154547846591543,Dinamo ostao bez trenera nakon što je dobio pet komada u Rijeci,CICO KRANJÈAR NAKON DEBAKLA NA RUJEVICI 'Odlazim! Nisam više sretan u Maksimiru',link,http://sportske.jutarnji.hr/nogomet/hnl/zlatko-kranjcar-se-ponio-gospodski-nakon-debakla-na-rujevici-i-podnio-ostavku-nije-uprava-trazila-sam-sam-to-odlucio.-nisam-vise-sretan-u-maksimiru/4707314/,2016-09-18 14:31:50,428,78,11,364,2,3,45,11,3;
"133205716542_10154547804221543,Saznajte koja je tajna mjesta u koji je doselilo toliko mladih obitelji da u lokalnom vrtiæu više nema mjesta,""LJUDI SE ISELJAVAJU IZ SLAVONIJE I BARANJE, ALI JEDNO MJESTO JE IZNIMKA Ovdje ljudi dolaze živjeti, èak i obitelji iz Zagreba!"",link,http://www.jutarnji.hr/life/zivotne-price/ljudi-se-iseljavaju-iz-slavonije-i-baranje-ali-jedno-mjesto-je-iznimka-ovdje-ljudi-dolaze-zivjeti-cak-i-obitelji-iz-zagreba/4706990/,2016-09-18 14:15:00,335,23,12,312,12,5,4,0,2";
133205716542_10154547673101543,Prièa ljudi iz vrha SDP-a: Zašto smo izgubili izbore ili kako je naš frend postao Zoki ustaša...,Bliski suradnici: 'Jedan njegov potez koštao nas je izbora. Nagovarali smo ga da se isprièa...',link,http://www.jutarnji.hr/vijesti/hrvatska/kako-je-nas-frend-postao-zoki-ustasa-bliski-suradnici-njegov-susret-s-braniteljima-kostao-nas-je-izbora.-nagovarali-smo-ga-da-se-isprica.../4705742/,2016-09-18 13:24:01,160,53,6,137,2,0,16,2,3;
"133205716542_10154547577936543,""[VIDEO] Delirij na Rujevici, Dinamo gubi, Cico pred otkazom!"",POGLEDAJTE LUDI POÈETAK DERBIJA Šemper poklonio gol Rijeci nakon 17 sekundi igre!,link,http://sportske.jutarnji.hr/nogomet/hnl/uzivo-video-pogledajte-ludi-pocetak-derbija-i-dinamov-poklon-rijeci-nakon-samo-17-sekundi-rujevica-u-stanju-opceg-delirija-nakon-semperove-akcije/4705628/,2016-09-18 12:35:55,539,34,6,506,13,0,17,2,1";
"133205716542_10154547440321543,Danas se u glavnom gradu Srbije dogodilo nešto sasvim neobièno...,""OVA FOTOGRAFIJA S BEOGRADSKIH ULICA DIRNULA JE SVE Samo naizgled obièna, ova se fotka proširila internetom, evo i zašto"",link,http://www.jutarnji.hr/viral/meme/ova-fotografija-s-beogradskih-ulica-dirnula-je-sve-samo-naizgled-obicna-ova-se-fotka-prosirila-internetom-evo-i-zasto/4706939/,2016-09-18 11:46:10,297,35,6,287,10,0,0,0,0";
"133205716542_10154547300736543,""Stigao je sudski epilog muène prièe nakon burnog prekida ljubavne veze. Inaèe, otac je iz Italije, tamo je proglašen tatom godine..."",SPLIÆANKA NINA (42) MORA SE RASTATI OD SVOG DJETETA Njezin sin (6) odlazi ocu kojeg nije vidio pet godina,link,http://www.jutarnji.hr/vijesti/hrvatska/splicanka-nina-42-mora-se-rastati-od-svog-djeteta-njezin-sin-6-odlazi-ocu-kojeg-nije-vidio-pet-godina/4706864/,2016-09-18 10:58:02,426,97,18,217,2,1,1,163,42";
"133205716542_10154547114126543,""Hrvatska je u finalu Davis cupa! Bravo, majstori!"",""ÈILIÆ I DRUŠTVO ODUŠEVLJENI  'Hvala navijaèima, bez njih ovo ne bi bilo moguæe'"",link,http://sportske.jutarnji.hr/tenis/davis-fed/izbornik-i-igraci-odusevljeni-nakon-ulaska-u-finale-davis-cupa-hvala-publici-bez-njih-ovo-ne-bi-bilo-moguce-zelimo-finale-kod-kuce/4706765/,2016-09-18 10:09:34,1911,31,13,1841,66,3,1,0,0";
"133205716542_10154546958901543,""'Tad sam se sjetila da u torbici imam nož...', opisala je studentica novinarstva Iva Tadiæ subotnje jutro iz pakla"",""KRVAVI ISKAZ DJEVOJKE KOJA JE UBILA SVOG SILOVATELJA 'Popeo se na mene, tukao me, shvatila sam da me pokušava silovati'"",link,http://www.jutarnji.hr/vijesti/crna-kronika/krvavi-iskaz-djevojke-koja-je-ubila-svog-silovatelja-popeo-se-na-mene-tukao-me-shvatila-sam-da-me-pokusava-silovati/4705664/,2016-09-18 09:11:34,1153,182,31,1026,30,6,0,80,11";
"133205716542_10154546860061543,Najsretniji dani Vladimira Minovskog,""FOTO: HRVATSKI KRALJ TAKSIJA UPLOVIO U BRAÈNU LUKU Oženio manekenku koju su proglasili najseksi Hrvaticom, održali veliko slavlje u Opatiji"",link,http://www.jutarnji.hr/spektakli/domace-zvijezde/foto-hrvatski-kralj-taksija-uplovio-u-bracnu-luku-ozenio-manekenku-koju-su-proglasili-najseksi-hrvaticom-odrzali-veliko-slavlje-u-opatiji/4706378/,2016-09-18 08:30:15,156,48,2,146,5,0,5,0,0";
"133205716542_10154546772461543,""'Za život se nisam bojala, bilo me samo strah što æe biti s djetetom'"",""INTIMNA ISPOVIJEST PRAVOBRANITELJICE ZA DJECU Progovorila o poslu, braku s 35 godina starijim muškarcem, teškoj bolesti..."",link,http://www.jutarnji.hr/vijesti/hrvatska/intimna-ispovijest-pravobraniteljice-za-djecu-progovorila-o-poslu-braku-s-35-godina-starijim-muskarcem-teskoj-bolesti.../4703030/,2016-09-18 07:49:05,128,11,7,124,4,0,0,0,0";
133205716542_10154546640856543,Hrvatska je tisuæama migranata u Srbiji jedina nada,ZATIŠJE PRIJE NOVOG IZBJEGLIÈKOG VALA Hoæe li se ponoviti rujan 2015.? Male grupe migranata veæ obnavljaju balkansku rutu,link,http://www.jutarnji.hr/globus/Globus-svijet/zatisje-prije-novog-izbjeglickog-vala-hoce-li-se-ponoviti-rujan-2015.-male-grupe-migranata-vec-obnavljaju-balkansku-rutu/4706150/,2016-09-18 06:47:35,126,68,4,85,0,9,2,3,27;
133205716542_10154546526601543,Stvarno impresivno i nešto što se ne viða svaki dan,VIDEO: MAJSTORIJA DERDIYOKA IZAZVALA DELIRIJ MEÐU NAVIJAÈIMA I 'ZAPALILA' INTERNET Pogledajte golèinu kojoj se dive svi!,link,http://sportske.jutarnji.hr/nogomet/video-majstorija-derdiyoka-izazvala-delirij-medu-navijacima-i-zapalila-internet-pogledajte-golcinu-kojoj-se-dive-svi/4706087/,2016-09-18 05:47:22,191,4,6,190,1,0,0,0,0;
"133205716542_10154546459221543,""[EKSKLUZIVNO] Sve se, kaže, odvijalo pod okriljem noæi. 'Krivo su me procijenili', rekao nam je Runtiæ"",'VIDIO SAM PUKIM SLUÈAJEM ONO ŠTO NISAM TREBAO' Supredsjednik Živog zida iznosi detalje o žutim kuvertama punim novca i navodnoj Lovrinoviæevoj ponudi,link,http://www.jutarnji.hr/vijesti/hrvatska/vidio-sam-pukim-slucajem-ono-sto-nisam-trebao-supredsjednik-zivog-zida-iznosi-detalje-o-zutim-kuvertama-punim-novca-i-navodnoj-lovrinovicevoj-ponudi/4705259/,2016-09-18 05:09:27,171,81,23,129,4,6,20,6,6";
"133205716542_10154546382401543,""Nude im beneficije iz snova samo da dobiju dijete, ali uèinka gotovo da nema..."",ZEMLJA 'SEKSUALNE APATIJE' Gotovo pola populacije do 34 godine nikada nije stupilo u seksualne odnose,link,http://www.jutarnji.hr/vijesti/svijet/zemlja-seksualne-apatije-gotovo-pola-populacije-do-34-godine-nikada-nije-stupilo-u-seksualne-odnose/4706057/,2016-09-18 04:28:10,208,39,27,168,4,7,10,19,0";
"133205716542_10154546302666543,O ovome bruji cijela Dalmacija!,""SUPERBOGATI IZRAELCI NA ÈIOVU ORGANIZIRAJU SPEKTAKULARNO VJENÈANJE Slavit æe tri dana, na svadbi æe im pjevati i Rihanna?"",link,http://www.jutarnji.hr/spektakli/strane-zvijezde/superbogati-izraelci-na-ciovu-organiziraju-spektakularno-vjencanje-slavit-ce-tri-dana-na-svadbi-ce-im-pjevati-i-rihanna/4706117/,2016-09-18 03:41:40,392,43,23,366,4,10,8,0,4";
"133205716542_10154546238751543,Milijunski se dug vuèe još od 2012. godine,""KAKO JE TVRTKA MRSIÆEVE ŽENE HZZO-u OSTALA DUŽNA MILIJUNE Posluju izvrsno, radnici imaju plaæu od 25.000 kn, a dug je stvoren kad je Mrsiæ bio u Vladi"",link,http://www.jutarnji.hr/vijesti/hrvatska/kako-je-tvrtka-mrsiceve-zene-hzzo-u-ostala-duzna-milijune-posluju-izvrsno-radnici-imaju-placu-od-25.000-kn-a-dug-je-stvoren-kad-je-mrsic-bio-u-vladi/4706063/,2016-09-18 03:01:46,318,169,75,176,2,15,9,18,98";
133205716542_10154546135346543,Hrvatski reprezentativac poslao je jasan odgovor,Misteriozno suspendirali Marcela Brozoviæa pa dobili ekspresan odgovor,link,http://sportske.jutarnji.hr/nogomet/serie-a/misteriozno-suspendirali-marcela-brozovica-pa-dobili-ekspresan-odgovor-hrvatski-reprezentativac-poslao-je-jasnu-poruku-klubu-i-navijacima/4705970/,2016-09-18 02:20:14,100,4,0,97,2,0,0,0,1;
"133205716542_10154546031006543,Iz Mosta su poželjeli èak sedam ministarstava,""IZVOR IZ VRHA HDZ-a O ZAHTJEVIMA MOSTA 'Vjerujemo da æe pregovori biti uspješni, ali bude li iracionalnih prohtjeva, formirat æemo manjinsku Vladu'"",link,http://www.jutarnji.hr/vijesti/hrvatska/izvor-iz-vrha-hdz-a-o-zahtjevima-mosta-vjerujemo-da-ce-pregovori-biti-uspjesni-ali-bude-li-iracionalnih-prohtjeva-formirat-cemo-manjinsku-vladu/4705967/,2016-09-18 01:32:47,105,63,7,73,2,2,23,0,5";
133205716542_10154545213571543,Impresivna prometnica pravo je graditeljsko èudo!,ZA JEDNU OD NAJFASCINATNIJIH CESTA U HRVATSKOJ MALO LJUDI ZNA Pogledajte èarobne prizore s nje,link,http://www.jutarnji.hr/life/putovanja/za-jednu-od-najfascinatnijih-cesta-u-hrvatskoj-malo-ljudi-zna-pogledajte-carobne-prizore-koje-mozete-vidjeti-vozeci-se-po-toj-impresivnoj-prometnici/4703069/,2016-09-18 00:43:00,4471,100,569,4260,90,115,5,1,0;
133205716542_10154545207536543,Sudbonosni dani seljaèke stranke,ODGOVOR NA PLENKOVIÆEVU PONUDU Èlanovi vodstva HSS-a za Jutarnji otkrili hoæe li se vratiti suradnji s HDZ-om i može li Petir doæi na èelo stranke,link,http://www.jutarnji.hr/vijesti/hrvatska/odgovor-na-plenkovicevu-ponudu-clanovi-vodstva-hss-a-za-jutarnji-otkrili-hoce-li-se-vratiti-suradnji-s-hdz-om-i-moze-li-petir-doci-na-celo-stranke/4705673/,2016-09-17 23:47:01,147,45,5,128,4,4,9,0,2;
"133205716542_10154545205341543,Najteži dani hrvatskog stratega otkad je došao u London,""Navijaèi su bijesni, on se osjeæa posramljeno: Slavenu Biliæu prijeti otkaz!?"",link,http://sportske.jutarnji.hr/nogomet/premiership/teski-trenuci-za-slavena-bilica-dio-bijesnih-west-hamovih-navijaca-trazi-njegovu-smjenu-osjecao-sam-se-posramljeno/4705223/,2016-09-17 22:04:00,80,24,4,69,1,3,2,5,0";
133205716542_10154545202286543,[VIDEO] Kakva nesreæa našeg igraèa :(,ÆORLUKA TRAGIÈAR U PORAZU Pogledajte autogol hrvatskog stopera koji je presudio utakmicu,link,http://sportske.jutarnji.hr/nogomet/video-corluka-tragicar-u-porazu-lokomotiva-pogledajte-autogol-hrvatskog-branica-koji-je-presudio-utakmicu/4705565/,2016-09-17 20:55:01,110,14,0,103,0,1,2,4,0;
"133205716542_10154545196921543,Šarolika ekipa u centru metropole...,""NEOBIÈNO DRUŠTVO NA ZAGREBAÈKOJ ŠPICI Na suncu uživali legendarni srpski glumac, Dinamov trener, Ivan Gotovac i tri- neandertalca..."",link,http://www.jutarnji.hr/spektakli/domace-zvijezde/foto-neobicno-drustvo-na-zagrebackoj-spici-na-suncu-uzivali-legendarni-srpski-glumac-dinamov-trener-ivan-gotovac-i-tri-neandertalca.../4705154/,2016-09-17 20:00:01,73,5,0,72,0,0,1,0,0";
"133205716542_10154545169586543,""Hajduk je sredio Slaven Belupo s 4:0, a daleko najbolju utakmicu otkad je došao u Split odigrao je Ganac s talijanskom putovnicom Said, koji je zabio dva gola. Posebno dobar bio je prvi. Pogledajte ga!"",,video,https://www.facebook.com/jutarnji.list/videos/10154545169586543/,2016-09-17 18:35:04,567,10,3,549,14,0,2,1,1";
133205716542_10154545191696543,Ante Tomiæ je vrlo zabrinut za hrvatski nogomet...,'Za koju godinu igraèi Dinama æe na gostovanja Lige prvaka iæi autostopom ili æe se švercati vlakom',link,http://www.jutarnji.hr/komentari/ante-tomic-je-zabrinut-za-koju-godinu-igraci-dinama-ce-na-gostovanja-lige-prvaka-ici-autostopom-ili-ce-se-svercati-vlakom/4702313/,2016-09-17 17:31:00,173,27,5,166,0,0,7,0,0;
"133205716542_10154545115076543,""Udala se u srpnju, ali mora jako paziti da ne ostane trudna :("",""Zlatni kavez lijepe tenisaèice: Ako želi bebu, mora platiti sedam milijuna eura!"",link,http://www.jutarnji.hr/spektakli/strane-zvijezde/zasto-ana-ivanovic-ne-smije-ostati-trudna-zbog-sponzorskih-ugovora-bi-bebu-mogla-platiti-i-sedam-milijuna-eura/4704758/,2016-09-17 16:35:55,657,39,1,590,6,22,28,7,4";
133205716542_10154544969581543,Veliki potres u Milanu.,MARCELO BROZOVIÆ IZBAÈEN IZ INTEROVE MOMÈADI Hrvatski reprezentativac kažnjen zbog kršenja discipline uoèi velikog derbija,link,http://sportske.jutarnji.hr/nogomet/serie-a/marcelo-brozovic-izbacen-iz-interove-momcadi-hrvatski-reprezentativac-kaznjen-zbog-krsenja-discipline-uoci-velikog-derbija/4705748/,2016-09-17 15:29:29,187,15,1,172,2,3,6,2,2;
133205716542_10154544877221543,Najvažniji dan naše voditeljice!,FOTO: DRESS CODE JE BIO PO UZORU NA MAFIJU Pogledajte tko je sve došao na vjenèanje presretne Ive Šulentiæ,link,http://www.jutarnji.hr/spektakli/domace-zvijezde/foto-dress-code-je-bio-po-uzoru-na-mafiju-pogledajte-tko-je-sve-dosao-na-vjencanje-presretne-ive-sulentic/4705616/,2016-09-17 14:46:39,757,35,5,739,12,1,4,1,0;
"133205716542_10154544747741543,""Vidio sam nešto nisam smio, tvrdi supredsjednik Živog zida i samo za Jutarnji otkriva što te kako su ga pokušali podmititi u zamjenu za šutnju!!!!!"",'Lovrinoviæ me nagovarao da uzmem 100 tisuæa kuna i 500 eura tjedno!',link,http://www.jutarnji.hr/vijesti/hrvatska/saborski-zastupnik-stranke-za-nedjeljni-jutarnji-lovrinovic-me-nagovarao-da-uzmem-100-tisuca-kuna-i-500-eura-tjedno.../4705544/,2016-09-17 13:52:24,199,95,28,133,1,10,29,6,20";
133205716542_10154544676506543,Samo za ženske oèi :),NIKOLA KARABATIÆ POTPUNO GOL Crno-bijele fotke rukometaša izazvale pomutnju na Instagramu,link,http://www.jutarnji.hr/spektakli/strane-zvijezde/foto-nikola-karabatic-potpuno-gol-crno-bijele-fotke-rukometasa-izazvale-pomutnju-na-instagramu/4704806/,2016-09-17 13:19:11,340,28,7,329,3,4,4,0,0;
133205716542_10154544594906543,Ljubavni par iz Rogoznice oduševio cijeli svijet :),Belgijanac koji je na biciklu prošao 1850 km kako bi zaprosio curu i njegova Nina postali globalne medijske zvijezde,link,http://www.jutarnji.hr/life/zivotne-price/ljubavni-par-odusevio-svijet-belgijanac-koji-je-na-biciklu-prosao-1850-km-kako-bi-zaprosio-curu-i-njegova-nina-postali-globalne-medijske-zvijezde/4704689/,2016-09-17 12:45:34,1552,34,12,1458,86,6,2,0,0;
133205716542_10154544499261543,Delirij u Zadru!,ÈILIÆ I DODIG SREDILI NAJBOLJI SVJETSKI PAR Hrvatska korak do finala Davis cupa!,link,http://sportske.jutarnji.hr/tenis/tenis-mix/pravi-delirij-u-visnjiku-cilic-i-dodig-sredili-su-najbolji-svjetski-par-hrvatska-povela-21-protiv-francuske-i-ima-dvije-mec-lopte-za-finale/4703741/,2016-09-17 12:03:03,2963,34,34,2851,95,14,3,0,0;
133205716542_10154544407921543,U cijeloj prièi spominje se sve više i više poznatih imena iz svijeta sporta i estrade. Otkrivamo tko je tko u aferi Lovren!,Kako je jedna braèna nevjera dovela do otkriæa najveæe ucjenjivaèke celebrity hobotnice u Hrvatskoj,link,http://www.jutarnji.hr/vijesti/hrvatska/tko-je-tko-u-aferi-lovren-kako-je-jedna-bracna-nevjera-dovela-do-otkrica-najvece-ucjenjivacke-celebrity-hobotnice-u-hrvatskoj/4702454/,2016-09-17 11:36:00,175,36,4,156,2,2,12,1,2;
133205716542_10154544340786543,Sprema se velika promjena u našim školama,Od 1. listopada obiteljski doktori uèenicima više neæe pisati ispriènice!,link,http://www.jutarnji.hr/life/zdravlje/bunt-obiteljskih-doktora-od-1.-listopada-dacima-vise-necemo-pisati-ispricnice-i-ne-samo-to-dobit-cete-spisak-svih-potvrda-koje-vise-necemo-izdavati/4704671/,2016-09-17 10:56:19,1124,265,189,929,3,17,57,17,101;
